ipHash,abuseConfidenceScore,countryCode
be15963c787411fbab2c1d6a3d80312978ccd556059e154fa7add6ab2280a78c,100,SG
51346fb214bdf0100201ff368613582a38064556d7e3fa338a9ed07e3a1e7345,100,SG
a7ee0e8121e39ff226e031f3d71e6090f362e8853f203719ee9751bc969324e8,100,BR
cd7227f602f36fe7e896b3b518933081c9ddf4fc7e64886a282ecefa1568fb64,100,RU
8d3f2a640a4bcd2a6c6d990cd52336c5aeff2750133b4856a7f71e8f49d5c7ac,100,US
3c9945e72fd9813375114e74f5931bfa119c003cd9e054135432cda63252565e,100,US
32586e7328d7ec37919aa77f3db1dacaadccd61b52e09d22b81290fafd07b623,100,US
f460a2385fee032777d78188d4aae7471677f4c155e345466edf7ee830b37994,100,US
cf4fdcde9eb77f403b378b5e3e39d6a1a12bb7fb78a1f211f2353dbf3776754a,100,CN
8b0de9988cac8a9b011bb1cdae7af6ae61e75c9ec971b37d50023517248a6a57,100,VN
14421d0d5bdc87b0861f890083595c1ac3aaecc192d5b4b1ce7c6f9d91a7c9dd,100,NL
3188bf6ea2b29b2394759d1b031295cfc8b97ed942e1fee23356748214b54b20,100,RO
43deb466019b3093ebd9e76ef193c6cba5dada57568373734ea8341f14c94954,100,IN
5974d36ddebe2946ace8ed853e602bcb6793f9e94012890614028d0b3c4a1018,100,KR
8ce9027a6b3e6c957130bd521abb5a55f4f939734d78512d9f5d5ada881bd045,100,TW
ebaf27eaa5bf8f335f5b1ccdba5e45575eb4362d7fddea5380435f256020141f,100,NL
a28870586e89ba06590e13b9c48e1fd3770ac22386de6610dad516c7c6d76f26,100,US
fd6fe1f036e736ea9df52a39858e1e28038680f0e2b31491922d7a07443b2451,100,BG
4a48cc10ffc22054bad653a0662c76fd36ac2a0d53b37cd3ff61bb0b1054439a,100,CN
5f2f23de722069412fad7beac4338470e8cd348868969f2150e11b926804f7d4,100,US
55ee907213d26d51e647e60944d0dd8b57d8373d3f3729e9f4c142b8455e3086,100,NL
2bebdc2e05e27d15affe15624d64b02d73e2a38dfdbaa7d7ff297390c2965a8d,100,US
104f4927fd9aef2793bfbc0f003cfe24ac7fdf7f736f5681585a555f6e12135f,100,RU
d50697ac6307b7c17642f9204ddfa589663921d1cba0f3d999ab8352aa0e3805,100,SG
e9421afd3f03d0c4dd26fa855bf0d75a39071bdb947d603c8a10efae505a1b5f,100,VN
fb2ea0258e0a9b17b1e05cd160c9e3eeb7b6d17e3f1da190906e58972fa73a19,100,US
9171f361eda3f357d735564142626698b79515d22ce115c66433c150ecd39321,100,RU
656ba2b94913903a57b881f0e0fb3a3826656be90da9ceb6f6424a16a0bc4f3d,100,US
909d03886a68f27ae95b2e66a57bd329ee739d1815ff6c6102623f906117ff31,100,IN
9dff9f8da6efb68787bca38e55c2155c7a0c487642c1190cde4609638f26241c,100,VN
11b314d34c34aeac9ca41c200b29f659323ab4a5d6b87e2c658118acbbad512a,100,DE
6787db39ad282767d2f7cec5708ea6e2577a347c430f1f88cf24e1e2677a50db,100,US
03db8001385e49689b3d6c0a53ffbfb06684743de904b5a22a6a0051f1a28d6d,100,RO
19243e3e6944741cf103f94a5b577eed962a315d40ee84be415b3c1a6111ac91,100,RO
db9404121964900dbc6d311d72b70f104a7d5c9ecd81b7e803f4a51a29e0d178,100,KR
8ae4bcd25a71203ca5ebe9c69f993f4446fd7ee0d807de1834c71416756422be,100,RO
ed0a0bce2755aa5f6d52cb3975b7b8bfa512b798dca8055cc0ac32424f431a4b,100,ID
f09a91dde160079fcd524226eaf71f173864d316c0e3453426ea56c671b86fa3,100,VN
6fe84ce75fc25f046118f267374838e48556088644357e25e10814fe079878da,100,NL
44751aac90f7279823c65dc40040c0830938700a0b5bcb9b1015b2a373e526f5,100,NL
d26858670e6c0104106e11edd224e789ec19c15fb0ae6b50d8770a159ab24053,100,RU
7a485fcd96391d36e00b9d38186476a67f4294f0111cd8e183c02d34cc2904a0,100,DE
e84cc00a62a76a3ed6b951c5ceee1a1933f547ba78677da5db63aecf1d68cb1c,100,SG
e74368b1db485e23ae7638371e431d4d8074d454831347d1a561c9d20e424837,100,KR
f40fb4e0cd9acb7c8f749296e84d6b5d0bb53307f340c55c80095dd1459d4181,100,RO
2b9e5ca3a114f8c5e044b5af71ab0c79c96aee48c511ba95b7b3b85868ccec6b,100,RO
634f3b036d9440779333f0ce22e9454035633f34a2d6793ce6b48350bb3aa98e,100,US
beb04d272c1fec66acced162de3e4a15459aeaa051c09d738a762eff58ce8df0,100,US
ac20af4705e2d2203f6f05fce9e3d5e57f352753c11e174bcf7e579eef249206,100,KR
041d74a238a8ad7e217d9b0747dff8591bff0a17346dd003a30f033e5deeddef,100,DE
3d11b67313da39777cd7b351461ea10af6fa3623ee301938dda099537a364db3,100,RU
2940846dc7cfab3fd6106c30e1645682cdc9e7cbc8edb6fc76bb7124fe10bfc3,100,CA
446784791a8b209028754ea8a674f574cb503d2897e10f3b179ed276fd4c5994,100,PH
40642e8bcb4668a6ee14841c60ea22fb527ad089e7832a243496bec64c30f1ba,100,NL
79c57b0f26db80a521ddd6e30e04dc07ee01457c3ced45af60898c39788fe635,100,TW
2247cb982582470fbe8ce5cf848295b80022148d82be2f74c0209bbcd6f9431f,100,SG
241bc89f8b8daf7933af0738feb8744cc7d0e07d052611fd3c8049c24805a0ad,100,DE
5a7078b06a27b38356eb4d36757893271cf926dc49b0a2ee40adcc0d04b041c4,100,NL
ac5202473df8b8e7de598df24301a6296d9a221937831368a27b6dfebffa2818,100,CN
2f227d433c3e767c2d2f449b01df92f1f084050ca56d5424041e8995f6e0a023,100,NL
ae4b24a4f37520e6ef9c35729573db0fb9b010d918d94ba0057b669355a034e9,100,PK
d864ce8625284143121234708d290602dd95fb6c95809769941f10a45208139f,100,RU
d6403f0dd3215f61bbce0e705675fba43758371062a08edd8624d231f3552b9b,100,NL
f17577923c3a50885c8e998d81a993c8d550bdecc21b77a89d7a84f02fc95385,100,NL
6b625cc09b9a72041ac1aeb4e7e1bfc6e9c9d98d97f9097ff0a938a6f031be1f,100,SG
46e152ee38b79116e7ffc25a56f2295a40c120eff8c8674eadea46a8e0e59541,100,SG
85d0e0a3433919cbc7003d93d84138899eb4cbd79f8ee7534359a61fb35480f8,100,SG
e8396f38cb53fa9ba974136521babbf355e17683c34ebf86c2265ca4ba2af00d,100,SG
c3d1a0530940084008f1671c5e13f8b1cb2a56075443e07a42a07770a496b895,100,CN
3886c30bda3faf02ab3a7e77f23d2d32188204c0cb914f9d60f09561ebe4c699,100,US
ba270a70179f13cb481f6d3505c9eaeac71974f0a6f932743355a3dea9be3c36,100,CN
3be11a32bfcf3194587b26c77560d2800a7d277df41e7c51539ef20a76e68485,100,PL
e97d8c4070117e96fc0f665c45258dbd87c3ae65df0d1bb9086d167ca5170b53,100,US
79dea6c4c52d511a8d74dc434f023f3d79df4bb4a8d113a05c9a189dc99747fa,100,GB
6789099969dfbfec0575718a5563a239350e97341fcf74491ad20a03907edc25,100,BG
ae522cee480465b603f1677b5cf22c7c41901104b3a4eee6d681cb455ac7a1f2,100,DE
5f65e1818515fb5e6d8592587b42c70a36ba403f32b200c54827b6daf53e7b2e,100,NL
02d3e9e3296701bf7bf0693d02e81a3e7d0f030021ac549f5b64f3f3cad1ef2e,100,HK
136ccd85ac691460031b43582e6aed1d23c6c681e9c4dbadce9c1d0039f9a2b2,100,US
c183fe435df3ff38f3d427904e22dcebecaa0cfa2ede7eecb366504ba0e5a1d2,100,US
b2b193b7bebc32d3fb71c05876ff4bb1b4dbc8ed30b4602264706f2322d74e6d,100,RO
b910f034a23119d028441feceaacda2dfb3b65a1cf1588175b0612d1df43d916,100,TH
646884f35a415b078c2cb9f4005846c3e487578f32ff34f9f70a0ca223cd5966,100,RU
4d67e3bcba9e573e485d82b7ab16a279bbc505921e04f776036743b2cb88ce4e,100,SG
537747f9a398e21de6c814e3d694d8fd7a1f5209729ce86fa4c433eed613f92e,100,IN
d053d60502718af6edda7871ae7db49e312551770159fb85f8e5544d42bbc675,100,VN
c04bdaa46dfa1524a4f7a0b1969542e8e6d38673c9f196a2c9eb16cdff2c90c7,100,ID
029f8a48c0ceb43585ef290ca2c0c5f39bad5c21037f003729a2cdf72b7ccfe4,100,VN
7e159d6f6b580f127bfa38f9856c09d7a9c1bc748859bc6fd5473d978f533620,100,US
e1b13c985a51937d13dd876861ca9854438931dc08f1a1154e9e0b6a97e1aa5a,100,SG
b0f076c14a6b3014d58aeec7a2601f84f8b256b5b603a4e9ad673a150f81b85c,100,SG
4f596bcd54ee8b553d6c9fd4d4e13657ef13b7e3dbc5e2bc3520b8b6c3eae4b9,100,US
8deb0895f9a39a71f30dd8b6ab6694d2d2211f16d43766978f6efb68a01c6b00,100,NL
dd67fb059025fe96ea53eeb929bc017acf83e8036b6c68994cdd968b57c0c111,100,HK
7691d1e9f3446b675f9cd55e87eecc3d1a95e707b784f9b742309d0f977d24d9,100,US
a9339e068e13ca469082762b748fc3e04ee3ad9933a8f643904096dce3e012d1,100,CN
6a2c20b66b18eb561a8fcd31ed796f8f42247b0554fcb5ba2d2749f5d3b9944d,100,RO
cd2ada9cfc56be72705d6519bec7904f5148f3b85b8976dcd18876435b94eaa3,100,IN
cdbccfa7ed68c97e1ad2faf3da211ea786592b12f8429f3e02094c686920f635,100,GB
52f5bed91b4ed0e0e148edc4d19dd9d35dc44acf8375df08f38ba7749b265a32,100,BR
8ac91d766261c1df164c62434aaf24a44875d267cae323d923c9a2d8fe1d8f70,100,BR
96c05643ae93f0e9d6a62d9c3bfb2b8a9ffc0e57c23063c8c593baec0e7f1bb9,100,CN
17fcaa45c6548b1795c0d83c93aea5b90198cb937dd41621891b45168be02cf0,100,US
7735888ce8494bc74331480d950f748908f8b21c6593144567e80e36a38f4ea6,100,GB
51aa3d80098aabfbc474e6fb983f629fb7c92c0e20cf08c2d602d0daf46e63b3,100,SG
6cc76edf8070a330795eb1c3b002d30f2122e1535f45cf43b2331652ecfcc6b1,100,US
482758ae3bc2283b322b8e1d06cfdff6a82b34937d9b0d7cb3d374257c2439b3,100,DE
806775c50e3f90f4bf99dff5826c61b518edd8513201f73d3fd4d90ca0e193cf,100,RU
4edfa1a6754e668db8b6b790f6824c36a8af6fcb6d440655b783ce247b9835f5,100,RU
a5ae36350b7302da938038e8feee152c79c9161ae65f312205e90832e35591b5,100,RO
fe18e425139488db054bdc50a8f8b1fd765762abd8c52b65181d2c3ee5a32335,100,LA
e7b3671a5ee42601d749613898dd4f02ca9005f0be8db3893771879cfba3c8fe,100,US
ca36d8e4c8d0cb7e51dc27044965076212c24471f1c3b5c8e07390003dfaab57,100,SG
5665d5df96e5bbf351ea244c7625708d6d0041ce8c914c552f13575b667b53af,100,FR
0d1ac3d3d2c7ffc79b562e8865793dc20f9ad025ebec46155e76c93623a5c39a,100,CA
e02b5821ba7f0c0bc89754fe542618ef84d27dca0fd46f265b9c74c36b741c9b,100,SG
95d11adb077dd0320764315ec129bef97b5aa01aa535d101ed93f632abb6cdd7,100,NL
ba1cf899bbf8b9cb8819a2db32d49177df955221b27d7197b4f3b4a0128d5e4b,100,SG
c0c7d67beca580ef92c1fad0a2342ac93ec693645856500b915571767db6d21c,100,NL
2398838d5437b9258aaf7c4373ca59d103c69d35da27ace567d6d37e285bed46,100,US
69ddd3ff9c674e1b4ff3acc5550b373c69f3c4be263ac314824e67e216ce9f08,100,IN
368ed57fd164620aacd7e08f7024096eec3fd7e872eaba67af150979484cede3,100,SG
1e51a866066651a962ee5ca1e01e5c185b38158b1e0d45dad5de0a1082b8be6c,100,CN
9334dc57851de08dd59070ac618c4393d88e6a58759cab06e30f8ff40a901841,100,IE
0ff3ebe12d70de4ee61a757e909c2e8889e8c337770edab58344b913da494faa,100,VN
a7aff8b63e4a1926595bbddc1066b36ec873ff47a8e25de89349ba5620789421,100,TW
a33a2f2b8f4f27f8768eabc8a94bc79b7b8ce4da975d43a7abe41612066c9fd2,100,US
82faf5ab1f1e9ddc069062958263b67e4345366ca6f6bf034bb6b10c4613e9e2,100,NL
a97841065c2137f514646e679120147ba5442042b6d827850aeb48d27be2c087,100,US
476f889eb6d7ed3467f6aa05546f36d146ea9604def2653bef77c7206f8ac9a6,100,US
747bdf644101e7d7da14e966950dec38c6874ccde558f938b16393dd66996723,100,US
2c04bde4a9eb442e662927f33813579ff9cae2ea4c3a4d569990ac1394c4d8ea,100,RO
f7d180b7d6bc6c32f3919e47574d7f7dedd1c660edc172819c831b1533002767,100,CN
ca74879245a0132429fb3c777f0afb990b3dddb711bc8b04ae072ef1295d10c2,100,NL
e349266e71a36ba1c3637e94a7f779c2a649bbed9d99fab265bf27a36510d5a3,100,US
8ef432f800d4cb2062c62899e3b6e4b88bb4f0d98df876b2885eb4abc9a843be,100,NL
733878e4acfb5c9c90cf5a45fad82ce1fb5ac3cd7675e31784988731d2bc29b6,100,VN
e1a27f651ccf6432c0d73ed072e22883eea8998d325498d05e405f609a43c77c,100,TW
3a09b2f517e5df63f5fdf3b0744a602e3c73d1b64ecf966f1276d042bc9d5412,100,RO
223bd02304966f734f0ea60b1583683c0719b3f96fd8e2d34a6af2ba5e1033ba,100,NL
8399fbfcc7a222ba6f39f1bb72cb893087903c4ec159a1e01df000d375091f07,100,SG
b2a4056dafa912e8fcb1e1472c971d706cb120e6598a1574d9954fe64205f417,100,SG
b17312bc62849400fdad80c926d594ee94359b46d2fc675e191546b5bebcc4ad,100,CN
c357043811b28ede85be464f2a7ee691e6251b320aeea357f806f7b5e54281e3,100,US
e6a2774df2e153b2f13ca3b46fe8c52f17aa39aeae6ee14bdeca79c1d334b562,100,IN
f137f4d81300d5b4b0a5207d0063a5b84688ada94b2468121d764884c78ff8ef,100,CN
be977db4b347f1dd5ecef472a7ee9d2dbe886d90b7819054503a4fd49cfe2bce,100,NG
52e733c446e2566ea09019d4b7df954d7441d0ef0c991aa468a2366a560b0348,100,LT
2786122b0d14d1a68a88f1a4549ea06be3d98d7685236abef776baaffa24f3cb,100,TN
d279e88905002a5b52049a675ca61260f8c8dcf8f5d4783217e2832a2bb39f4b,100,AE
90a1dcb09cc19125e0f523790b5bc287c82eda4100e76049d03c0e5b6487c0d7,100,KR
f0fd6652dc7c4d021a24661d15fd40cb42096cf319a08fe740a9e6dda856cdc7,100,UA
d9235a69dd6e99cfa70a14076012175d4367a28406f9f64c0bb608be4ac30025,100,HK
05722babaeeb4afc7a047e129e99c0e67190fe6ad338da7cb103967aedff395e,100,NL
5561f103abaea67f31f76ff7b92216833f25db0000b8ed52d655e1560882f79e,100,SE
6f64c2ba9a6091a2f850b59fdfb58d5e4b656ffe58738e790b4a04eda7074f31,100,PK
a94fd9364090cf1fed8357703a26129d91fed2be74112f5c7438dac0a594b6f8,100,ID
d9e44554a9c2d94c9a2668215ed2dbfd134db88740005e2e9e845c97d89172c3,100,HK
8229f886fa67ebe202b64c4199e09fc91d3222965d009db2a76bd15a2f260459,100,SG
915d3a42c28d6688131bd3a242f827927927ea360275b52984c7641d6c0f1449,100,SG
8ea64f9203cd46fb7a78ec7062697f2f2a3b83627a5c76587b54ee23bccfe786,100,US
f1a8bbdb9a7e1c60eb9c76a572efede71ac986039e9fbe8e38f46f859eaa81cc,100,SG
f23d2c848fa12e760f4bd9c3a22aaa785d1d4a9c8400b242f67845560a8e4d53,100,FR
f45ebdbbd6c5bd9ce8a09cda789ba4dab08469ce73c02202a7286c6ca89d53c9,100,CA
3cde922691f2b97ae89b09dd74a79bee77c75b4df151499e0cc0ea77d23c66bc,100,NL
b16c362dcd950fc0e4d51f1ab907494d25cfd221d00600d23264a55a5cdaa4b4,100,NL
16aadf6beaee64507ea85c527e34bdfcaa15c8bb560d70cde0a797c1cacd4299,100,CN
4cf34411dc69f0291dfa203ed346ddb37193304eb7cad87f048d932b6fa6fb85,100,BR
b7656af1335ec865653c7ae7f701e75aa74ae37dee3f36f605316c04a6e7d87f,100,US
b50ff6cf36be6f7697c9d9fb9bac175b61984dbd265393782dd85f89811c816d,100,SG
9d5ceead29b406ac8ae68d7851157df9a159b8efdbfeb53662281234aef54327,100,NL
921882ace1600135a5d5a30b2e8c140862e228cf568c2369bdc2fcef1c9762dc,100,HK
686df7327d6f24f62a3458d909e49be71bc8017668f80ae0b690428a8a53b547,100,RU
0207bd6a36272c1792b226e905854ed7f8dfed5f4aa02e587aded8e3cd93d620,100,VN
2cc729b75260a2ba172ccc75e203b6c850d9af0f75bfafc994b158dad79f62c3,100,SG
4d165558c8e42ed9f9640285a349fb467453fcac86dc12645bb45f56a5b9a47b,100,KR
d400389ca2d06987a5b335dce5950bd97e7900b0c4bb43b80caef20898a27e52,100,FR
f321928a3d43207a08b8bc24988e86978fe7e107861c69afe637af8deb6fa35f,100,RO
7d125e5e98a0f772e46a7470792fd5cdf82ce306c0f65f13ee92ffaccb441c7f,100,NL
093d95c8a9853da5cbf03af2d7d95668f6247ed2fdf546d82ba6b78e12af9c30,100,RO
85fd5578a1f03547cab7f63b02e10e863885d319b1ceefcbd08a967f735c4253,100,NO
5359425c4105be94b6ed658102ebd69ccc85b2c251edeb24300a926d7773857e,100,US
50e9ae94eade867b3e81e57caea4b72ba95916675fe055e221dacb0850e8eade,100,IE
9c8eb6da7e0543b7fbd5e2ec5c84e8c22afff83905254092826b3019232c56a2,100,DE
d44ffa0550023d25143729fdc813f3ebb0872f155c95d530dc53c68b4262af38,100,NL
1184b035daac3ddb75c3ca85d32b874247eb690406c9c31feeb07d42a311cf97,100,CN
096d18ec77c8dc8891b5bc23cd89cc46e389d6341ed351f2bc1a7c34bce03408,100,SG
31780730c9a7bd3e628ad430b8e33e4a823466ec37d0d4bba87deb9586e6920d,100,SG
e0db85e4ae7ec9b9b3e059528b74bff9e3e876d5e0183d8a07ccf54cec096726,100,VN
4d0e9d2cd5f9fbb3b38a5a2cefea359d891bd247569aabd3ce6e16dd46eaa180,100,US
6282464f9d2dccc51a17f09c92059c906b5ba9ee26beada336d1d4b9d247ec34,100,US
7caf0e4eb26cc38dee1df0f3d6d1e701f635018cdcbcb5cb4460da7ebf2c9c9e,100,RO
fd07d839d06492479b3d4d588807d16b18925fe16ff95a7d9b2b295ef99fb48c,100,VN
1d9ffd7ea126e459e079c7406c049a723889e08bbdd2af9a6d685fde73afc739,100,IN
f71fad6287d2f25bc34972e648e5bff5a1c3451e89f979379d6706bd74d4a94f,100,US
3ba4f83cd7089ec2cfa46c75af4fd939fb833142df0ec61127c2b27f82785de7,100,US
7fe4897fc89530065b50e021767934f6724c1affe90ba6008b339f352a49ae7e,100,SG
2027f083768ad10432910f8c8bf702c5c089495e816248cc26e48d9af1c338ef,100,US
45eb66eb2f19bd22162b670754cb0fce2c41f08e6c81fa3488e100271eb70c02,100,CN
9df9687ece01ed32cf8b90bbd714e756be89acf55635247b1ce934da05c9e2b8,100,US
1c1c784108d8bccb98da5b6e107f88bab028028c246d3e7b1c5a2905cf1a10aa,100,US
7f94eb54ee014d025a207f13cee60b2963f9755d971d7d08ae79fe756a5400e3,100,GB
84e8ce175efe70225ac6fad32418a953136afc1c3f2700402527d8660ff05acd,100,VN
c1bc3103ba4f6f5be275ec0dd14d180f227090b286a5bef3b5f52818a039667b,100,CN
9a6ce0899e3d15d87740474159d8518201698bf885cdd642ce0ca94014484dd8,100,ID
c85abe5636f164453b44c394ce36d15fcd631b0ad5571f9373caad1a98dfc5c5,100,US
e08868071be2f13cd7854e4ad47b5eaf0f3d66877167e893466372fb66157227,100,US
38c54c78e42f08f1294f5a86b56f11e623ca31335c26e7932ae297e7dab33fee,100,US
8a0f553378d5facfec5db2d6a219397502a289e9260af0b4c6210c78b9413a74,100,BG
c52889f655447177c8de52b2a03b355bfca7fce4e915d0ddd30044c6472c4556,100,HK
a81c5e447002201804a9986ecb179a4a8d28e80b5a101fcc919002f6b76493b4,100,SG
ec489563d140aefeab86ce8d0851ac468350eb8f7cd343ac3d0d92c6eb6618ae,100,SG
dae1dbb2bcc8fe606ba4f5fa4004770fdee49e10f3e2aeec4249e0a159b8c099,100,RO
008c8f00058ad373bdcd9a780ca46b97e75e5466194a4b6e881136520e4dceab,100,ID
03328434ea151d09d9b07507a7740a7683d9c0e07a13a10e42184aae14895615,100,ID
82d89f17d7399d882d04e33c45816beedce856cb90abde94d2742a6291d47ffb,100,BR
b79bd1e8a7c9166f858a4e00966d8034c334aef35a9386002d59339f796a03cc,100,US
c1dd0584961d094bc6b4ce95c88bfe8303839cbbdf41232232151dc57f6277cd,100,US
c40a9909fb030725722270fdc2d3c6dda8c3c8ca97a7fab307bf8253c7d3aaa0,100,US
4610006c0a189cba900314a72bad42bb125f6a8593f65458b5cb304aff28b484,100,US
7f246b753febdae0681396bf6bbfed32b53eaf6f1d4beb8291ce2f4bbc8430f2,100,IN
2720f5eacb37cd12900e641fa5aca6f320b353d5738669f460bf37da79107c57,100,TW
89023df4f83e26ed61cab3e0fb7c39a39f16ee896c654905a31d9a130f41c144,100,US
ad12c6e8fbd7557cf1caf5e2c3692ba10df38ad06f74f528532e5fa43982f2b8,100,RO
cf72ee22b496663313c983d60fcd670b2b91878629e6668c0dfbe84520498cfa,100,SG
7744ac7fdde10b0cbfbd6e32b7ad64d64c4555a0ff7071c9443c161a510807f5,100,KR
d8827a496069125684b44251526e8ee4969b0b3beefffb56062083dde89b68b7,100,US
d55560072070d76bb2c659b56bc2871aa8eec9968c3f3bbaeffc36d417f6c095,100,SG
2d3ded3d059c151ea305041621bb4c73445a5e424968d41c339249f881a78f8e,100,ID
7acd2e31bd328d4a8fc2b3440e319bf33e099da2e79a5fab01b7099d0cb9c9cc,100,US
13a8c879f7955f6b7efa6d22b9c109979fc04323452e6791020427ad69bd2ac5,100,US
89d5ef8a77a1fd7cb86d638acf717e4db3094afdb8c29c9a820e430c7e049aa2,100,SG
19007482f5d3fa6204414fc29a9b1aa19833bf33503d00cb3da25594b4dc1d4b,100,CN
e05927ceaf3faeef8941e4258db22307e1f7035dc513d06bcfaa27278b7e4af3,100,SG
675bc6116048854da55a185bc82012736c372eab7a8ef10597e8d6bc2253f003,100,BG
0f3282c0aa64e329f5b92d847730fb2bbef97a980ec63d708bb38fe3d37c3d8a,100,DE
46bbd7d544599239c2e010f3c83a96d6c802eee965181e487831a1a951e2fb47,100,US
941ce5f22c4adbaa431047cc4bc9e7be5dcaeca83b91401b54533e6e6f0cff57,100,KR
634af341a91491395d9f139791ae70136b219e1cf029bfeefcede21c519f7b2d,100,CN
4a7828908ab6cb07350af85c822288f9a78f53e02cd69e65a6dc9287025bb399,100,SG
538765f833ee6492259dbfd7f79bd66c68190b1e3db089edb10125abb753c608,100,CN
01a06ee530ffbee2997bf03413c143c7d3633de3fd18f423f5a646a2747629a8,100,IN
54ed3519ced1113a6b95655e195f0f6a111032c943f83e4040f617e39633f1df,100,US
4949cb2904eba382bd2d5534900f4d0d7f34c2186dcea8024e29d0cf615e2573,100,BR
c7faa2e343db87df69ac0bb1004d989eda8faf94629cb3f4ff7168c1c2274ac3,100,SG
cc9eae45478fbe384dfcfa18313ecd3ee325faa603b45035183f1ea154d50c32,100,US
8bcd8d6164a2c15897e68e69cc7c7e59c074c4d4e8082d1323b145b1d7d31e20,100,KM
f43cb93e9fe6c20df9ee21800f3a2cdcf0b9adcb1798e983fc7735c6d56a4f99,100,SG
99454103804b16e8c3743287787f838e7f961eb7b25fdf468dc60ab4247ea432,100,GB
bcf68408da1df99a6ee5e0960e16a814f8596744cd11932ecebdaf6ea082af2b,100,RU
a552d6414cb922cc336c1913b7c98cb36a611532566d7a42424e02d4d71e3cd1,100,SG
f85432cdecf37fea38ede2ec779bbe403c18e62cc15ca82185456d889900ed48,100,SG
4a59cd129cca227f8b9d8c52fa4b13543dc76e4b5cfd179a6448cc01e3da5432,100,NL
542438a7cb5e795359d378543847244287700383593173ac67211de09353b7fb,100,CN
00c1760678ea2cbacd676adc11f978c4318345a39380d731d820f89e18a8b7e0,100,SG
0f99451fe72ccdbd2fde1f1cda09c68c7e6560bd0707c914cf8f136c4440e237,100,US
4e46ef95342c1096a19d2905aa7947e3a485c274398540b75f9e7e683510bfa8,100,US
c8e369a4be89193f55449f41c386a65eb5f1a9e966ffb7687c41e9049b4a821a,100,NL
96d711d08694bfe2925cd7b5a7ff3e8f832dbf77433c4f68cdf155ccd89fcb8c,100,US
63ba96c56bcac9ae93cbb638835a580a4841cb662032589577e8d0df92e6cb49,100,RO
3f13ffb2142514bcb47a7607f5f48dc6c5fc181c52c9a02a76bcd2a3975b4035,100,SG
8a3c88a88fe2d0654f00437930da874e0a1869f4a2b5543d71959e004f048061,100,CN
6de2ada5c404339bb4dc29edbe30fcce5bdb748f13b35932df791bf0de989b89,100,SG
6d15b9ce1989bbbd59d6a427793f5ff6ba6b5418dd3eb5d8bf0a1429110a7ecc,100,VN
0419305ef01b91faab9a06e727220c991cb4e1b2bfa84e8c302e4ee71bd37443,100,SG
ca178e97b503f18c510173e1643aa924ec8eed923f8c50aef8f2c8bd6a300c2a,100,SG
32e668be1e964bb8d168a9cea71f296d6c9442d564c221cec9aeed9c63c041a3,100,US
4603a1fcfe46bbf4b2456e71d5f3814e7d20e7510c8ba60ba3f88b2607ef4ed0,100,SG
423bfb3cf99cff15f5a0bda155444b7229f8ee002325cbcef18f351209aad9f9,100,CN
fc0e767e6ebf3eb52d958ec26815b9fc17441a6a4d808e0ec57deab30af63136,100,IN
1085e15d18e758896cc9906422e4747cd29d926bad0c772af32dceb85a48079d,100,CN
ba76f156ad4c554c460d8236ecceee0e69ab64d00240466db830a9cc163281b2,100,CN
4400fd9738a00b9fb1954e091f843ccec891f60146cc1d629197a14d53aeeab8,100,BR
bad0f96cf0039bdee641549d2be3db5e5a114ef9c678917d2eaf69ce8a05f820,100,US
d675386d4ad5fb3ab03b633bb310e477b55eb8232a0f96d158ab574a06b2b871,100,RO
7dcb33b086ebbebd5b5d5cdeb06de10e20c0bf647bf39550ff6f54879d6cec43,100,SG
9b8c53e84595af94d6b6cccb17af8cc8cce438f715529a97bcf7ea3b14816de5,100,US
4a4acbdb898bed06276c52e64ca143ed7f59585f695ba4a9e49e860b4151d326,100,US
ef9dff7c147d787112d794cbf32f563f1f4f195bc33167d72ce87f19d5fe267b,100,ID
f8883a177044a828a78b8c1ed1f6724918972b84fb606c9157ece64cc3cb0464,100,ET
0942fa89607d517a5335e4def438973d17d4f40bf579e41c44c4fc5a6aa463ff,100,IN
434cf00a1a1e94d91494a40a93811274a7c10ddff7c6c450119128673e19f915,100,US
b2212033b29cb9ce05bbd5fb14f678ab810526a567436fbb1d19721270af551e,100,IN
c4618fefbee903e600880f7f42959ceac02d4407ff8cc68c1c56c7d0703fee05,100,KR
2b6b1a0780b8e9153d842d22849dcd43bf4da4ecb0f2d8a4238e6b8e2c178d48,100,CN
6da2fe8f95a656adcf5622702ad0d5dc9200b0c229d11182d77ad4919665ff2b,100,BG
5a529fc0e09f677a5b352677b624494e816bc116ff1557b18b5a7dbc27257f0f,100,NL
f08166b1e25b03de9d3a11924d48f1d2538e1e9b50c1c373834cbb65d5b5987d,100,TW
050146bb52e2b477b647333209ae1d697e4eafafab292565cd11c012245c280e,100,RO
231642200b7003880ca21e5bf66845dc6f44b2a49960e8535d4508d9d6d082fd,100,US
a06df799b0f8402d5b674b724854e570a3698e0872af143311644778845505fa,100,NL
b2b3ee82a6d2e5972e9efde700fc00b9625db1a65bd82e4248c940f206a666d3,100,US
98dbc9bb0fc3567752c72ab3a5b39d47d2002d57c06dc7682e1038638c1d65bc,100,NL
6ceee8758fa5a70342d7c1e765f7ac003dafa3d8ccacf7a6b5d2b2a41e3d05ce,100,RS
f80e650234f027f10a259401d0eca292d6eda11474c70e34c5b79ff1d0f554ef,100,GB
6337771e38f923c02413952bece5520e8d7076e82a409a436f7502856a949dde,100,US
edce3161b429342bfc76fa1dcb49ada1233064c0fb3e70a61581a0898b5ac082,100,PL
41e3334c89ecf73d0fe8f6fa363a0fc2b8624732995f29dee2c27624503d4097,100,BR
dd6f7e87d46407da070bb5e89ed4848f88e5629f6ef164aabb18d6fccaabb546,100,NL
a9c921696a830e9bb891ddd8a7b05617edfb6de023e06c66f7169903baa94211,100,NL
8c37845166eaaf82f4a0b8ebd38cbdfefdaa51e9b7855be1bba44ac13f4023c8,100,NL
67490a08a46bf59f904d72fe5f3282e97a50b696fb9e4e2e10c2caf0277432f5,100,PH
8b71356e03d6787dac4ce23f255d93b184edee79edde0bf9f3a18e93eb1968c5,100,KR
72f22ff5317a16843af74bc2f92e41e098db859cf1e4dbf09c4bd24bc46695e3,100,CN
78da1baf5623e2a0e845aa9c74def4dd008cd7cd2165f5a1f36dedb2f0b73fee,100,SG
8b831474c657cbac2ab0b94a0926495d33809aef371e174ab2c5a66bdaeade8d,100,KR
9be5f81f20ea697838015919a29f1264f9ae62784f8489a76f94d94a81ad3149,100,NL
e3abad07239d1a6a4fe70a9f623b29c5d449a7e4f626b4b831572c9230fd2d21,100,IR
e1ef3a2c029aaf848e3b80836459663d3ddf5535ef271f8663dadb2c9a612448,100,IN
7407e4f55d14ed4d25bf89c3ac8c934b108e0b527ff4c107864f36611849cb44,100,US
fd6500feb2e3572409c61b30376bba1a70d726625d40bcc0187a521a9e335c5a,100,PE
7ea5a5a533b272ed6ab1059b1019e6f243d4af0d589795c320d01033dba43f71,100,NL
a37d816fcac3046f6ac064816e57b5eb1217484d8d702cfb116c75681c47603e,100,TW
a2d2de8045e95f55e5f831bc2ccdf60c1b1b32b9967753694ec462a799f51fc4,100,US
84fbab42719a90ac4e7f335b67710e87ff556ea709c510132eeff2a3ba9a881f,100,KR
59c3e3d261fa219eec2bd16ae6ea6ea3df99f2e671e03c9fd975980578b705d9,100,IN
550b5b17c3d9dc27ae2bc2c5a1b9dd211107c897033b8e5a3c8e79c4506ee6ec,100,CN
8e4afcadd8c079b0ac022074a617e1752d75e4a584cafddce886a52e98394f80,100,US
4706b399e39db02c52a6141adf8d5593e0dea410b41771076aa8b83d0be99049,100,RO
28531f8a23ba872bb675848352d5db9acb3ce99c25ee5f0bf43ed4543725f07a,100,US
be091099c0c20d6b6ee18f1ebfeb417265388967244d5f0aad5a0eae780774d7,100,ID
38403dfa0725bfb9a435fadfd6fbcf84ecd59086615ff954ce2ee6d582061825,100,VN
1459ba83d7b3652d71315fdf99953eae3bf7c48d2bd01dbb3a0d025558ab77df,100,US
526d40175bedba5421765ac32dbc546ffe8a0162238a3ff9a21062ffb530e39e,100,RO
71509e6e503a2ceed616d1d9e6b6db743dd92f1bd9f56e73bbead6d7c9323218,100,US
2302e9a5f943dc474282c2956294e6fe7b6c972c0905fdc6903472c927bda153,100,US
15563191f6a7bffda8d40699aae4925bc7f42409ccb268454ed2b50babe230da,100,AU
7c950399d215fa50bbbd05396292a6146e6e51b1c4519d025e5421680fc305e8,100,HK
fbbf94285f94fad95abcb357c62afbd915b230915de2b09993eb7e3ab2ba61e4,100,CN
999319bfbaca84091851f0ff86426a6849fe0303a8fba1f7b6051f3b6dfb57cc,100,NL
2e73f0a1d061c930aedb1d3cd6b537ef0827405c626aa673c2de77d2011651d0,100,ID
22ad40ce602ef5735902d15f3d012b43ee28bc3c6ca405bc21d89e090c3b9709,100,SG
a111bcf2020fe0959259233cd2a0234aba896709bcab42825927d5e1e3ef2edb,100,DE
ddb70d630c7b93912965866472563619ea5c1bd427757f3953fbc952489aaa2c,100,KR
f0ae91b95f9e159dae2736234d2db26634b38fcc123cefc99a676b488ef331fe,100,IN
c9edc79eb025b8dada198e72004493254a0f6eff9ea6bc5d49e0a6d6d8b04040,100,SG
7c267059c901b7e3495bcb6dc2e8a0a7f52a79be5fc14906cde4100d9a899a33,100,TH
e5669b6bb40900f1e3a03bcee8ff700dab723eb59e17183f1792da7f9c0d5df2,100,NL
66680f930cdb6b5d54f5b1a6480ea0a8e1e0f828b3d1f97525db1e072673da42,100,NL
1a1e64ab38dd479a37412d5c99be0cd08943edd7016f343dd19ebbb15457448d,100,GB
a297a0730e0e0c90f08830ed98d47916a21ff14997dd92c06ea38c2f45f03734,100,US
49966096cff58e593e2a39301d520bc0b2d03585b750cfa5ba82d300a6b723d2,100,SG
750c1d1200a1f76d0ec2c4eafc8e30c52f0f7c2698359e6ad0a4d2da67dfdc4e,100,HK
d37535e529ec767ff3b8e290dc7281a08096c3bc97da23b1914bc2e04cebd844,100,DE
997dc44883bbf18155e11706ba5dde3de079500e6489df2ca83d4c10dba71d48,100,NL
499535f94f967bc511778bb54ac5da207bc43cebf76f3e9b2889a05db2cbefa2,100,RO
d74ec663ebebd899e9899afc80461f577bcbfb365f847ed196b7b5b6cf3ef8d7,100,RU
e775e4c4be794d785bca9b2bf0bbf0b213aabe61d3b289d980bf6317d7138850,100,HK
0c116eeafdb6aea082aa92c1584408251ee5a6c3cc6d7c98f2f0d01a9f3289d9,100,TH
f54c176a4bdf553ddf469ae6d4a3383c082abebe24084fd1d709896d9234e51b,100,US
fc1e353ca5dd68af4ed2d6f1bf9b438fb05cda230f72e0471f17613d6784237a,100,US
0cef5e6cea802859d02122a8c9d47939dda04364c11b6079681b12711dfb612a,100,CN
abde1807d4b53b7995b18c527b5d84cbc4408eca6e903b3661903961d457d9f1,100,IR
9ed1c44c075739b2d7fc72794cea0e7a8f320e6996d405372ec967116851aa54,100,KR
82e4538586502c3f6637fc8efe1c058671a707f151bb89ab8b360b373269e28e,100,VN
df5e5c191adbc2f4352db54d4a7daac8fe23e7e7e65e16e15f78968adad7c4fd,100,US
bd68b46512e863bb7139e0ada0b79bc652236026b426c7cd108ff8d8b0d78121,100,SG
790e6e2a7aa7eda174e5efe4d7dd8c50d08ea0e514e1e580e6af726796cb2379,100,NL
e682cfad3125eaebb3bbf20f711771a8f4c26cdecb6a204e33aed2d1c4d3ef35,100,CA
afb87120c956807b50c3a77dd48455617dd8b1c9ac27ea823a5e9bd0142155d6,100,SG
8cfd584d9980e03aa095151567816188d585c3fa6c07cb52a394304c48713962,100,FI
98714739b32498acb4044c2497b5a2067c2dfb6b3bb6b6d67f3fac04e780ccd0,100,CN
abb4ee3f8a21bee188fbc12d62d39753c0eaa8149435b9716b8a84bf0bc0970d,100,IT
80c48595252b184ef732e504bc17e3206c5eaa6cd1db1d88175c06ced2fda43d,100,SG
10118838efb778a32d6966a49500303535bc5085d077bb6bb96b9053dbca053e,100,US
8988b4a86c579fd5f1e6ea934af2de4e4f9da00206603180edf0f37e5b1573fc,100,PT
9125bff5cc20263006e10d01e26d12128a7abe579be74f007c628ae147ebc9ad,100,RO
b3f27646742314e6481f24b2e63b6b18959dd26789ef20ebe492b882d7a5552e,100,US
863a002294caa2da18ccc9c8d54cd398d922808f78c3fbcafb958ac47dc6fa59,100,US
553eda3a71edeeae4439b127f08008a886713d165a3ca1bf2a5a70bd4a2ca8f2,100,IN
4eeaec495622632c4ba9860873e95b9956d7ef39381a63acf1a38a5b992d57db,100,US
5add26fbfb8b6ce1b35a28bf703c1af2779aed4b3ad6dbbefafd9937af7ff7a1,100,TW
0aaea98d046f1fa0da7f0d3eb57d125d0ff91bbe348b242f9d8364abba8b53a6,100,SG
315b4594c7aff37858912227720f7b30e0c9dfd20a1cd0028f1302049a1a214b,100,US
739f41be10f3ac1eded410a920a6b4ea5951aa949bd45074fddabc4a431bfcaf,100,HK
79df2ef714da8d22d9ec66582ba7e7566c2d840d887021b6c3896354a0f0595f,100,CA
dfb71dcff8c89be8c22366b91048541c1925abbe8537aedc40b8f75f92142919,100,US
d25176878101b99dd6eb5de3f85609566e3898315918add283d32d57201d4215,100,NL
012a6f31d9fa7d4a05fe9738d7924af4d5068b2d8e6228245442795525551c49,100,PT
83431049c7efde915acf6aca86f18c87559c4398b980c12243f0d387e3262e52,100,SG
c3373b2e9b09d494152c14c7244cd4f7a9b3c5617a91a34899cfb3f1a25e84a2,100,US
2116f4f494613698463dc9a15d275aa51e0e9f8df90abbc0a75fc987c2bf3d83,100,BR
0357f16c49217c23541a08a8882d7d942d8edf8520bf66eae6df901cfb13e476,100,IN
ee83f4c8044be4e5c1233ffe5d755ade7088c41f4b4d2b4dda7ba6c249eb376c,100,DE
65acd81dccca2d599f3bad2dbb49d52e88037b188727716c5f62a2046c10d2c2,100,NL
ca18943f02857b5d0466fa9c4a8147ebc2a478447976e84de8cc2bbe19359bf7,100,RO
2f4a1fc8982cb15f2ec9ab8c1dfccaa12f2face043d78978543480c6c5fd3ffb,100,JP
d13f36c1bba260151d9ced12b49bc93d17836aef8bc324a4aed20baffa701254,100,US
c5335c7ac1f443d4e21bc269d60c0fb55256b19cfcb5efc0c0f0c201fdcf5393,100,US
63deacf95902d0c0f6c7bb585e89e85ee5fb90799d87d8ef07681acea6fd656a,100,AO
e10efdaf6f378817de264cadbf5a00581355c2bd0eff62c95222d61c2b57055c,100,US
a452bcc5e5fc5d24404fec99f7bd3e221f67d0caf1b032fd57e8aaf7de93e445,100,RO
d446a7d2c60e922b4aabc20f40805023dc08f6c37f7e0823e4d05f74e30eb34c,100,US
56b7f7f6eff11eff114fd94767cc0208fc57fdb1480b2143c60a1846034981cb,100,RO
c9549ba73068137b09c40fa9413315895759efc1c5461fd6bb56e27a6709ee38,100,US
834388336b1193bbe90ca62c3a9f3c9e177e00485af58e66ce60648b974dfa27,100,RO
f388b21cf361c38dd10473e7441ca6b325014061cb6567eff6051b9b62d43066,100,RO
cea6f43edb873c995799b3cde56c487bff133f075534d4ecc7c915f8e11db906,100,RO
b113ec2d66219bb002479a2230a381e7fe983403c34e741f679db630402fff64,100,RO
4442c7fbf056de961b9ed04ab9c9e84254f3a5ac5a1cfa7b35498633cbd89062,100,RO
3469640d0c3128cf259fa0a3b98980afdaab45a7bbcc5c79d5837112847bbb85,100,RO
1150120bd724893190bb6b817b3fbf31127e6e2c75aaee8feb4792300944290c,100,RO
5f8ea24e5067726c3a5ed538384efa15d20741d82d4391e417d02126ed84b58b,100,IR
be7d6d38e79d034a205f1fb9c1dd4081d5406e5ab6ea74c0cfbfa4870c99d116,100,BG
14132a96076a783b4d1cb5254b10c2b69aa584c98baee1a70f1d89312a5e89ed,100,NL
d53a25d03395f390c3f2bde11630975c3751597d45f3515b6006ab74445e9893,100,RO
dd0a08896bd465e4bb909a1c65915a7875ed8761114b5bbfd3ee4acae20bcd62,100,RO
04917a0c6f76ad5f52361462709b09545184192d978d0ab54c11d4dd90c46579,100,RO
be70c2d7ea27b60e4069584455eb44b258b3fb87460d7af6536a910b638b418b,100,RO
4ea52df8f64435e957275b7bfba6676f9c2b5d9b906ddad599c94df8f5363940,100,RO
4954d1d097d508823f355d065e26912fa90788a93aceaf8fda19c4c8b7a7e6aa,100,US
ed1fcd817c548483e8bd4d80569ead66644cd731c51848fab1867dd5536ce38c,100,BG
644d02720d50bcd96728081f58b239c4769054307f5a8a5fd932eb6722397ab5,100,US
142689a498525367daec43383a9f946750cad696c61d32b6818abb356946c5f7,100,US
856f34c6f4959f608c225ea21bacbaa054634d73ab9ca2b94dbc6a43e543ebe0,100,NL
03730b36e3bcbd7494bf8264f3255f40108f20868846c4e88f1795705feabd9a,100,CN
31189f3760a72fdce65d4f791e8f4741366d2fca814a8bd4d548174cd0e5781c,100,CN
f0dee6c6574d937f1ef400bbaefbd87224bf215633c8a6571d93b2b50e822092,100,US
2d8cb85f4c896642dbaf3a7cc20d0ef2c08e406dde18560f3b132ff79ff3d0e3,100,US
0073decd9c3d5b7752300d018de2b9ba9743525b521fee451657fc2d566540ef,100,KR
67880feddc39ff84634114f36c123d25bbc2f1b347b97e46812a4015da15899f,100,NL
0fb61988ab9cae06ea998c884453b66e813bda67a965edcc1ed94643c7a21007,100,CN
5dbfd008327319ea43564150988c4d9781f057f84e1608c232afeed72490be44,100,SG
14dd41c1109684e9ea7ada65248cc982e42ab5598e03d1f066d0b2724dd5af45,100,CN
090c3fa158662ae40376f573f3b29e06eb34c437916e145147def9bf5f052104,100,ID
6f5674670d527002eb3741125f9ae9b818d332aa5b813dca79d2fc121968d6fd,100,RO
6839ff9a6db9371fecf6033efad39e24758dfc2fff3467f9ec9f08dc5b44832a,100,SG
856957708ef5d850e2cfee5fd907ccf579eee81956bf21c7965e491ed8d8360b,100,MX
5e39c29903f0c7b200fff43e055f3f061587be840251fd950dc3e9d771e0e53a,100,DE
eac040a6a5d684c21bd479bb8eca175421cec1043d7a74b1fc7f5989cc5c4d29,100,SG
244f28c92bdcf38ebcdcfa06432ef562b59f4aab2ab1d3fd13b52b9f0ac73d7d,100,SG
7fc568ece341d68695c4d25a868fd6455445f5694e2f95f1e660fb5cd18265c3,100,RU
09136891dfc564467078d6d9c7f3aec0fc8a79e4746aed1d6bf8835013a931af,100,US
ebc8da7d7480a6381575442580060102ec1c7636487726c898ad16d1322ac570,100,SG
2e4d5d69f4252684ad166fe498346f8a1c542b526b8a2c297f540e85cf5f574c,100,US
0f852bcc4e96e2784233f3e68dacf63445742aad9e913bd364124056b797ae39,100,US
03157812555f4d66db798319858b6f31848f4f3f3bc6628bb21215f2980a4072,100,CN
8796376b0b2221aa77e018c4a84ee156587574cf26a5e2f36d6c23e4af1c1fbc,100,CN
59f6e4b1b42991927b5842cafc2080dc95558b2fcd6bf23c85eb640ddc798fcb,100,BD
70784c01d5a4637fc0bcdfaec36d4d8acb19ee861f79c6b7724bbcb0b31bd55f,100,IN
6d505bcc7b8759c62f531a42a047c55aa186491183567e05c20de6de59014a53,100,DE
bc0e76a010addceffa31b789dfb7a7565c7cc9d85cba9410c2d5d381f3f10536,100,GB
200574e7bfe2b107e3ddd96a9b66b5972f0e6e66c4d9e51b97d6cbe8d688ef83,100,CA
e8e8fdb1f642cecfc061c5db5433c2ef194943cc7fc84e76a1ed333374581ce8,100,NL
75e4cda6fb215c00adf729e46605f88dc3909d0c655f4a14f08726b5c227eaf4,100,US
c5c5d915242b37dea7e41503b3a4b0f188c9997ea0fdb6b50c7a215d15e98999,100,CN
75a705d1f9865ede6238e6dff59d159c1884e24cea9bfa38001a2b5b0a9b648e,100,AM
387bd8f4802b6d82e302ddb1b727c27c9e719f9b3c62fe774466054242426aa2,100,FR
a5dc3ef222031a7eb6cbbb12fc37732a0c0d65164f8a12e206b0caecd712e879,100,IN
1765a646205cefd0cb0f9f2f8d2371b1b77fa0be35e1f6380c2710d418e6d343,100,SG
fefcf266183a93e9a656786b0ed3aadd710d224dc2b8662fafd9ba1796660293,100,CN
5094ce1dc3302a673dea80d8709b16b1daa4325e344bdb06a164617ee048d019,100,US
5686478bc5c1372bb82d43bec7c15b2bce9aec3d6340e65173b75e175768453c,100,IN
0d6f009c2db7de591f843e3e1358aa15618491858120912fd32c47d9976d4c5a,100,HK
e4ef616a2cae9c2e859fd15fe109f1fcd9b88eea7f6ebc81cd633b0364cdf118,100,BR
64a2b53af737a6e896115c3b30d1c6c3536b8d7a335efd6732161a8d39133c3d,100,IN
8346126c646d592434bd7db5e5ecbc207e61714a869c05b5f80166f05faab601,100,PL
0241f82bbdd9ca35b9f1b67cb41ba88b9d2e11571a65b79fde46d28026a20bde,100,NL
311ce53d69b4160299f78ba71cf7e6f775aa71a1a804b90b757e2d452402e65d,100,NL
05812036f1055e4206ef2be8cfd17617c7e66dd9ab6b5ab8ad298beaf8178bc8,100,NL
b3df18754c7ff6a9ecdda4495ecf4dc19d7f7bd1f16f4a4cc500e566cce7b464,100,NL
b4ae9d7141d1c1877dec7e2bc915de8372c731e1417eb595c2b73dd3018b8c27,100,NL
28643c96c7d6607aa63d0d6cee9d42863521b2d7731011107da099acdd7722a8,100,NL
6c247edc5ff0320d5495fc94c01cb724a69fd21bd2267572dedadd04453ab0ee,100,ID
0148d76e948325ed54d13917600c335fd36377c14d6b60a6f4fa3a2c6643c5a3,100,FR
94dc7ac05f6292515df5592e522d8359e81e890382a0b83884ff8952b15dc7a3,100,CN
05dce1dbd4f23320cec7649c10c9ce3744f5624edc097d0cba73e9bdfbbe2aed,100,LT
408d7bc0d5c360993c5e9c26be23f831c3c5d809b9a18ed889c743b7ffd8e677,100,ID
0cbd6281f92cc426495cc942d1b4a4980ba77e446a52f5ae01e46213f57a00da,100,CN
d6d3db5727eda5d9b244fc0d2af8764b161b0d66f5741df13ef48e7743133182,100,HK
1fa9262efba920d09c189aafc652702c18556fb3c88d335a9afe84b579e85aab,100,US
9611b25a9bf4cff5f41af10915113a6b724a6c4e4f7cc98319806811bcadaba4,100,RU
43d3085f0b66de0e3935a27d68c57d6099f2e3636704b1da706d9da62c731fa8,100,US
d640cc8e0209862528f4f55d59aa31433bc0dc84bbc1c15f4ddc8941fe787a04,100,CN
5eb10e1d3e077e412184b2716a037b86fc0d56d96f77e4ae592ae48834c4ba71,100,PS
71e7bcc2a1b4c083d3f52ef2e2a03a718677ce59f19624eee81073e65032d921,100,US
fa31d871d95fac7f557ac4b3a57ccb2bc7a1bf70ef409a6a5b6cee9f7c403dc7,100,VN
3bd5ae98cfba7d20b6522943929b8df2b4fabbee49e926d6caec9099d300c992,100,US
d8f60945346f8cff020ee3d897c5f5f2dde6940cdce545383596cd724e7a3a54,100,AU
21e47b93f42f4a21b80734f5a769f0f7ce70596cfd7267eac40231b3e9985094,100,HK
5f9558bee43ae5442edb12c65c0a11579a5233558c5f3c1925eaa4548b60c39e,100,JP
83a8788b1f59b2fa2934c76b3899b37804d701dbaf8d97ad57011ff9f7078b45,100,KR
58a5c71cc552fcd96b793bbc63aba5e6511a067156a88e39b75d7e0099da3ac6,100,US
14fb6305c930bb379af0e777f20726604e81cbc54082321fe0390eaced67c6e7,100,US
ec0121136581021a6ab36288a2d2ec61a1b7983b17bc27edcfcf122a02911969,100,TH
1c4aa948b6f4e2656c8a4f905b12d4b11262b1b5d565551a160cb6fd0083fd32,100,DE
0890a026e2adf89d95a0785b15edd3e9ff9ac8a92345de8e5639054f0e5a7a8d,100,FR
c3f3db3ed60c14158e476a6ed826db86ed8c1368d2aa9b58a2d76b414d8ab8c1,100,DE
491ea41cd124d3f7839c459945cff6091ccd5250f72129a8986022c8bb6767d7,100,DE
e7431c6383171b133cc751bcfcc9fa8c2ecdb08b7cd982542335ff8e2649fb21,100,NL
045f910f63ede12d9f3ae8c646823ca97d0839a33a245ffbd7b40fc7a55c485e,100,US
83bfa105acfb4f123b29b0dbf14342184cd79deaa821913285cf0a91f31062ec,100,BD
bbac9a3b27467ea0af3e92b7e24e4bfaa6fdb92fd4712d122879846171411496,100,SG
86e87c7915715881938da7cc900be517becb8bdc4948e73b4a1bbf8e6b1a87e2,100,US
4cf285c8c22941909535075477886d40b86ed1549b320602c782e0132c317e98,100,NL
c19dba115c608a576bbd3f7f85a4b95364f5bc19843dafc4d6643702f5cd69c4,100,NL
f2f669f3ca70074e8c5786a75544379c73c59bf404932eb9f1a9dfc3aafce2a0,100,CN
143b59d0ab388c27614a2cbc050228a70dac2caa22c1340a12d2c10b6a2ec640,100,AU
0961b453aad53144b8ebaf612df9af259b68fe026655e2191a687108d77249a3,100,VN
7dd9348961aad6926beacb90bb257978983f903d2476e82cabb5946776630265,100,US
cad4f1afc0db78f6b360635b4b3c2b95f6922460bcf7d3e22b9aed4b76364e99,100,US
047c181ca433e6c8aa09f416f68a8043f82a86100f6f756d5b64410ee17bcb65,100,US
967c97f6b809951d9472ca798edae6f5be02c50f224697cc74e847bba2fe022e,100,SG
1b5524d3ab9476d8a14f5a976ff274379ac366f3984361fa228b3b65ab9f7e28,100,NL
68a2b992a6c966c7fc0c46f61246a534dfff5216e46e4f2db351cd08aa56d907,100,RU
ce57b0e4d4b4b9d4f280a23c039c63104d5241711baef5e66c161e3c61bb3d66,100,SG
1937c4339dc5e23a9c20f4dfd1569b2d9c37f564b4854d209ee5d0c4b352afb2,100,NL
c8adc43da59765d9a5e23eeb66d7f6412a5640e754a3e9b48c1729dd0bba2d7e,100,IN
e4ffb05753818fb3f30b4c6f2be12d035c2e09b7639b61d93a9bcd073ec5cb4b,100,SG
5b4b6934fc61a447caf3815e741f9b07921e8afbd323edc4339a319d3761646f,100,AR
03aa9c957d081e5364c2bfb568f9d36cd0b264215b981927ef05ab88e18fe178,100,US
b19b8c8f83bcbbe5c2e5eb5154ada3fe5ac742bba6dbc2cf9855d137361344a6,100,TH
844b9b2a65400d24d3d315b17fc764b8d5a22052c06c218fc6539a4a5a8fb4b1,100,SG
bad01b93055554ca62ec3c05b1c21c27ea89c1a9dd819c489e47cd9284f25462,100,CN
d7ea314a1a4107af41f5b4ec4ef2a27c044d2fdfa892554e4a820443f67b280f,100,JP
3c922d86259fa719b34932097e034f7397d44b6dad9da8013ac0d2c84c793ae1,100,IQ
87700a917d500b70326040db034a0a5d4ad67f58a02332be62a536b1eb25e228,100,US
2656408e449c4f54d6a976a25de26a11ba66dd0f145a556f6b90f3336a8fea13,100,SG
355ea51aaf41a77e351024de1bf4f182a767df2d6d409fc96a935df9153724b8,100,HK
72aee3a28b84b66b9816056ee857bbf68130e35798f94d2ecd85bcc7a477f795,100,SG
8bdda38356aef5c9422b981fed6795f87752ca8368d19dbba13315258614aaa0,100,BE
8d40b739ab1f59a71b63ecdea336c2718a538eb7ffd527e051cbbca075374b49,100,US
dfa52f3f14ef77136465fbddd5e8dce77ad52e808a97e8c8b00a46ff7b839486,100,PL
4570f9f2f73a1346f47bd18d198edf7a42edcca09749ec2bbd8f6fc49dd16aa1,100,US
71f4e7a1860bb4178794038c82f804cb84b398827c7ee57a13dbbe8bd4b19fd0,100,TW
04484ed2284665289e5f31b9f4fd63435599e0d60d92e1a7a291c40ad0c0f915,100,GB
1ebeff91bdd58312c529cad8ce9312ca1411d2427b179ef909922d14a8cfa5fa,100,SG
495b407b35979f17f839091e8fc48ea2fd839fba800f687545e4106d598cdb84,100,CN
11027e2c49fc20860b782f80ad3e0ad247b9071edfa100ed15ed413f9fea6d8f,100,NZ
9c8971493bad3bd532fbc28c821df2c938fb440805021621d0af2fe4e2189c37,100,SG
b10598a1f3a0ebe68bd46413d56018730b567da54cb735bec1a4d595d6f82f92,100,NL
b042cb97195b0f086b4690e050c88b9e2f882edc63e41f63403d3087c88b89bf,100,NL
abfb29e39524b4dcd2a0676966f0072dfb1a2428709125eb8bd7d9ee0bec6e30,100,RO
a7eca5f80be7c292726a5db1980f5233a5507ac4a531338f6cd31d6b65d3153e,100,US
c743ae3a652d918fdb72d539bef896ef10e046f52676fd66c7772041ae4273d9,100,US
0e172692f62517f1efc9a9e6a8b649788f3856a68f99bdf4fe015611295649c7,100,US
695647727f8233f4b7071acc75a837bd252eea71ca0e912b1f2b3aa62b0f45c6,100,JP
d03511bf34e6ff996611b696b34c6897a8d109dc29c437b9745a38d155994321,100,ID
69c04a99228e5caae18d5ca7c06f65154eb16ac93677b2819c463744b68b4429,100,PT
763eceb05aec53bbf740370ef4d21e0dd8fea23a696a0ba4c38aa0fc33cae0ff,100,SG
d0175f699c68fd393efac298058879e335e548e5fe2cff6cb255c1884dce1184,100,IN
f64d4d06749303d802f4853af33f4b0c311d30bd1ed611151009ada5ef8a0f6f,100,NL
45c9feeeb1628bc8a18d2455279cf4dd7925d3a0f3e12bb558ef53fb7f454eb8,100,BG
7eeb19095e5e5c13a0b9ab2cfd8a005397229cf796fd01df62c330d05e70e961,100,TR
f438a13ee6f8504778b776b24f77c9e00ee99d197848fa91ce54acef24a60cd1,100,CN
633320c2240bf5dd7d3317751dd261645c655f0bf6eb8acec10a7c873a718d61,100,HK
7dd6dba14e73c8e28ce92ef2f81d5f4a5027eaab1d7f00fa0e7b608e72019ef3,100,US
e6f0b1c1e3c09188516c79606df31d3f6cb51b2ecfc8263e39dd6aec9ad5aa61,100,RO
49be014b058716fd3969c9f159edd6e312c66c0e7da5f91edccb7f35afc6d435,100,US
fec83ac062a77d7d162e787a485895f72fd1f130a474c487aa32f04beb96e531,100,CN
1f6eb9ae663eefbcd5bab61f0ff2a8a9869ee8f4becca97136d57d332bdaefc7,100,DE
5e9e09c21ad7f75a0505e2830283389cec021ad4c38775dcc893ca6997bbf8b2,100,US
4d8af0e0b3f3f197933361071dc95d781e1c7f508135c14d90ed966f364dac4f,100,US
cab91dd080b3967c77c85f08f0de9369f6bd24f8a4a0638a6b3abfe1b952c82e,100,NL
84156864b0440a31d8ddbc344c67382072b4fdeaf169d94485f4c2d86276a5b3,100,SG
70ab9acdb3ae23fb3f4458b545437cce8d957c9057ef70b59828f0b981d9eedb,100,FR
7c3e6d2bdae865cf8a3339ccb47e7314ebe6526a5e1bf34d054e4ee9acd76f4c,100,US
e519f92b70c4b4a5458f1d3159be4a8d022d84fb113bb63c5009156cbf9105c4,100,HK
93b12b3c46f504b7c1175667e9858bef56fbd5e56e2cf69f98f9d9cfc6274566,100,JP
621235d28bd1c2637aae18013787dc6709bf002392ca1426e6dd043c456d75f9,100,NL
e4f995bd7b495808b4e8feaecb0921c12bf23be18d836406d684964df8e8327d,100,HK
6d34d77f78d8b3224621f49bc2bf2daeb07c76c76b1566e181c8e514449cf097,100,MX
a1dbc7e567cb9f87377f95e4919562d4683ff5179daa791d5e8bd053c2cd3948,100,RU
970bdfbd61673b19c15f73004b7125f1546ae0d1344190c40d0d3995b1a5e524,100,US
579d08f69d2aeb59b9bc82e3c4d8439b2a83960dee1b944918a83769e85f33d8,100,BD
46f94dc6dd9ef07368d475d66016a5f5ad13d19b8da9221984508693e4ddbed0,100,SG
08d57f0f89137599fba09b26fa8d16ae6df8b7623713164ad220f1c14d7f0386,100,HK
226c40a6de359cf47595fb06acd5541ad760d0e1b0722eccab3e2fb7367097e2,100,US
ee3f5e4fcb3b426513c037c42a45cd04d2fa77a8635a648002756134be636682,100,BR
8d63817530b43f2415b84a45b429209a2e946a161bd30c1223b1ff9d29671707,100,TH
6ea931ece7024c02c7c22cf483b30833a0580fed51a81e5a8f54f28bd3f69c78,100,NL
cf3be81254608693bfa2e00792f228ea560b4e491ef78dcbf4d72ff22b2e1d93,100,GB
c545277afa6f667c7bc982cc18304f0c2aad6511e08247cd6831cc4574eafa6c,100,US
d937e4a75c2f6c4832ffc2e8e5e3a99130e3475548477af4ae0d493ff9672ad6,100,HK
344b8c5f901b20fc92557a22a5b939da15418799f332ab99ce6df0c822e7bced,100,IN
f9be4a9e64683e1b38d8ce97aaf22847c4d79a3bc839ff462b18f19036aff85b,100,AR
739274e3b9505f623505fcfd28943739a8ac0248846579096572f83f020ad5ae,100,US
7a578a943fd684a5eae7362090873c3f318bad30e422dbb18c3d8ce5354a343a,100,ID
ce4ad796ef53f81feae9db51f779fa683ae98c4751af5003f69e59f9dc8613ca,100,IQ
7824d23fa262989dbf448611c92069cf9819a49969b135b1fb92710dfe6fddc5,100,ET
a91f3ae3caf20646ca1c33b2e0d4f603347bc6b4b9b5c98045ba9181297a87af,100,US
455d1ccd13f8d103a14bc6db2182f90d30bc10fabbd3b786fcec48dd9d314c23,100,RO
29299a159a814f5501c3ca137a529c087a6773973356f813b4a12ea048c43471,100,ID
df333b8734e35efacc42dd320fb80f26fc4bbe491941229982806ae03463cb20,100,IE
6439b317530661f6ec313309893417a8f333d7f3e30e52078882edca2eb02f2d,100,SG
83b6272e5acc6cd0086e878bc2b9b2a2cb0a48570ccbfd8fabe8f3aa26b7f462,100,US
1355fe77b908fdca65d9fbf805e3017893471e58923a988e66f4a4f73eca6474,100,US
b0531d400a6fc1d07aeb36155c408b5f14ca7fb6870460736ae5a6ea4d5f29ba,100,HK
739d5e68af98e0ad4e8f9996a79edd0b8f02b28fb8f655d70ef4b1a8b46b856d,100,DE
c7d8543ac6c1ac9009cfd2a42a1aabd55ea634e369b2227376c7dedfcb0fc616,100,DE
1e43b135ebae5d4cb8bd91531227a1b170796eb83791800c9e20ec567f91a068,100,SG
265143b6e9a56be3ab198894cfe8661cc40eb19e8a8fcbd456081e7795b6d050,100,NL
e02d707855f986788942e8c20b5f206ce859a144d0be4cea69865d7d4feb9ff7,100,US
71223239e915aa983720505de2ebdf3da81802bb09357c955df223a1d09442a9,100,ES
2753b04f48a22da150fb10aca0b8b9ce535e49f77900593a93883f8ef90bc3e2,100,NL
4611c6d1472ecf19195eccde2afddcf974cdb89b49153665ea6b00a2a127a478,100,NL
b438b4eeab8353016839f7d91bb4cabe51bfa237c2e1f4552761f0e157e9e354,100,TH
105f380fb0fc45851ef23e7a28d4ab667bf3a4c5d06c7a8c5542e873148c6cda,100,DE
a6e82e7eb1fd71b5797e24033773e01d185bf4da642ce92deab51fd8bf2754f3,100,CO
a84fab69cfb6db0125e9537d51b879ef6cbf56054d222240e7bf10104fe92b4f,100,US
a6328ffba74b8c3a18f6fe4f660d388ec50e68bb161ed2fbe2d767da9179002c,100,NL
b8aa37393c6ebf26abc43fe6e30879e6ba4e6f8bc93e0c09329bc7122c1e0f48,100,NL
fd2259deb3475c81fe587a9faf6c47dcc340ed49f0df59c1aca7fedb6b2b3663,100,TH
ad309626a2c80624eae8bab121f6b5a91907f348ae3be17437feacf5387180b3,100,US
e5530d240a8423a5366f990312f8fbe241b5bda8c0dc4a9a9d5dc8080a9c7d58,100,SG
a82ba90d718d9b30d47a901c34fd53bf7fdab5f41d61f7008538836e64e758a3,100,CH
d9245c2426f4a7daea9dba6e76083890712e8199c5c4030d3263da3f32280f0b,100,GB
7d3fa10aef0f99fae77815671957ac820cc55e4e0b75abface186c3d8365ade3,100,SG
16328494000388e01201f7e8b25085a95ebb59b87c78e0c15d8be1d2de6747ad,100,ZA
74d60d37c6090db9db9dcb2935e5d5d994e314fd9bddab91829d37f6c065d17d,100,CA
b6bbe75fe72ee06e232428e4b0c060bcec3dd84d88d9d1a91713470934ee429c,100,IN
e156382589787f744dfd2868cc7c73606feec1b8c76f20e44463ddf80a63b92b,100,FR
0c443e5090c6416df47f974664d00c157886ea44126c3b7ce34ff8eb5b2d818b,100,IN
36c9284ebc18da023d13733ee46286ea5f893b859f0b4b827b56d130dcbfd87c,100,US
dacae7ac5a694d2c7e316916d23e51d31374dd2aededb5641c43609092c22806,100,SG
695b74b6da313288b462d845f2e09f0d074c7bef73b9d8982bc31f1d515faa7c,100,AE
970d930771b10b1d34806808e808f80534ac88c20147a2513a40029ed75beb39,100,US
ed58e1ab1ab2fc99b0c0c84924bcb5747e2d191a0d2573a98cfe7d4be3de8816,100,CN
76bf26051673573ba3c9e7424faee9eda121423ffea36d86295eee387becda60,100,KR
590c175edc5bf2e5b022194cc534e404b2a5c20ad541982db609a0ea911ecda1,100,MX
9ea4d6f8634ef1cdac2f8915b2615b0e1d33f53427e351bc32ee26be02c04c71,100,MX
31060502a7ca328be2437584bb6d066df81caa81606c77f471b8cc11e13077cd,100,BR
e3b4f9255d2295bcb7a4838786c1d33ad09fb7658e0aa73936ad67631cfcb20d,100,IN
c212e3deca2122be9f2f1af719bafde69f5fe872a425da7141adb98e680cb54e,100,CN
e6cc5dd53c382441ef8478eea4da74c00141cf5f727e7e3bb0b5889571c6961a,100,NO
7e60655d5f1a5e72aa8a7d1d3b3ca85c52df002ee020219db9cf558741120bbd,100,IQ
5b66339d8aed67f7726c0b1fc85cb7a91a94f77de0efac3f28c771d4fd99aeaf,100,IR
4e458347d397e137db904cfa7f5b81f62161c7801395635c89ad8def849388fc,100,US
b70c73acdc2cc42ef8b24cf7330d4b800a53e7e1d9da79d8daa4f67624552f32,100,JP
77e0ad718442e468068ad4801a0bafcf3f28974e33564f04eb04657da629ae14,100,CO
bb049204ce4fb67e586f660194d1b987a03369cfa1dab65ead1a4b78f40b24dc,100,BR
be619f5d111e396d94ce1fd2c5be687b3c15e12f82a9a44a4d477cb18c6bc6f9,100,NL
8b7257936a9336a93ba13898ab68f5fe4eb07ce7a4a5142aed75139af8374c69,100,US
284d0d94044211af91ca01ca0b1c3c07ba870877f234f0dd3d17fc350d0e8eda,100,TR
83d5fe858e8bebff404d062ff1b31f05e4b5513f58b60b60bc8b5607727395f0,100,FR
6f57970fe70e97dfc163c40813124f40e7a262b96e2b5063bbb4f7fc6342bbaa,100,BR
19a61ae37cd07d7216b77325948fa0cd776247a03326d1ca43a0c5e673bd8769,100,FR
6c8fcec981d8582a6b0f437e585b1fd3da893f969eb8aa5b1b003c8e312c776f,100,US
17a2e57e7eb0e8669e3f3e3c5e886c930060e80e9376d6e97271b73a082498e5,100,US
26ae23a98262b634fac2fe976197bd63a3e8c52372f8c830ff895945dba0d3e5,100,US
8c41203b6786f6e4d3f02d939350aa6bd504e190c0723fd46dfbf8436ef3dae9,100,SG
3f7455b3810de83a723da8cab81241a2c67cf6e2cb4d375c50a60748a150d955,100,US
278f61fedf5c1b31a698e9795d105d40b70602adc637cc29923c7b8b24e5a115,100,CA
2a32f22b15a417449fc5e8359b0e2ae5c8ece756efa377f4653d3bfa898e4e5f,100,US
6875ad89eaea69c6844d607c13b2fc1c8199eca8bcf012496fe2250e7788198f,100,NL
bf1520b12a8549cec6ea12cd8bbbcab12f26b58817474249e14519685b10cf6d,100,US
1463ad40f426f8d5adb15ec719dd888814c6ab863aaff74f602c977b88c9432c,100,CN
416ef4d3c087663404b04eea3c1af709e6426f4fc123317df78720a061d7fa4d,100,NL
ed0e69fa0ec949008d781caba51a50dd0325d9ef26677754c82aecd57b568806,100,KR
6143b26594811bd6d5abfb745923d2fb71d9d34beef6af6e9863bd678ff1ef65,100,FR
e715f153ac087ab964f808a327353a741b465b964680b60ebd71f3c9e3cd58b2,100,CN
ffcdb1a9cc4bfbd617f65422e8158049ab06fae0eace6420fd031ffbd6a28ddb,100,FR
36630413ec0b17c647d3e4867112f9c43d5c5f30c473c92d6e59dd5b383c9be7,100,SG
5a02509a763ac3e1adf58c9b404ccad264f27c019bdff2d9f91c6c090056c5b2,100,US
a3383aaa372161b12a14b2ba3cb58539c2b9b475faf3d6dc8dc57445493d787b,100,ES
fdca9f0df9d11daad3e0c1b2a8201f600a72d695a09711095b6ebe7c351e9b10,100,VN
08bd7f8c99a14ab560dcdabcb9343c357e1d3b661496c8bfc5b2f8e24cb293d6,100,US
bf95f243db4cab49ebfe3f0b521074b533c343cb2f2222823b517a70fc0b6875,100,US
8f632078bb4aaead879258b1c818a274c54553138b4e1da5574b3d5c07e0c7d5,100,ID
62f3c88efff85487dd048658f7a12fd60a2c5cf921df120414ee8d2422616030,100,JP
b642a44ded072b7c5500f909f4a4886015c8f06d663bd6bed6314aac3c6e426f,100,RU
7b3aa1521591f2912b0ffa8397bee1fc123783e932500794823f6c5cd342736e,100,US
f9969afe273972972429c7ed31bf234d7ab3d2749274c40d83dadb60f481da0d,100,SG
7309448ff45cd3b80bf9d38470b5a5a25eb9b9105e0d45ae0819c0fa4809fca9,100,US
9e9e63edcd137fe7e39ace64ab9440a483d59ee56089b15b9782c2e4f1d0a132,100,US
4cce45bf65bc028a2525697a23f566c411239497fd2400f06403c8ebddadd302,100,KR
cb6a276660f18304c73ba6cac942a25bf28227c2dd38b1e2d700042ab93fe10d,100,CN
ea0f36296ba34f2c15ea302aa6938327c0d72c0cf59b79c12027832b5d0cae2a,100,US
6eb50c51b70cca76a2336f8dd0f685db532ff647d5cb83585bf68afd3243de16,100,FR
b82273c4bfe6f9e9fc54e9565c208f49fa02ff7b8392aaf481a6b8926bcd7ae2,100,FR
e2389e84b03ceeb9347e7e300232ac7d05949027815d51fec9bf52ab3207895d,100,DE
4f3cd5e5c4caeedf22f92899629522841da2b89916557e0f8be3cb083b44c88f,100,US
7e63eb1b6fa9443a55853c074299448ad7adee5f2fc3dd8aa1f12295be343134,100,SG
60f75a58b6f54576df2ddb1f972cb7eb8d606a533c361af6323aaba70ced272f,100,US
32221c2e6612b9ec4b5a13f1a065608ead3e898cb51d5e99f4eac42cf77d34d6,100,RO
4c248868e44551c8f59dcca31aa4705d1b5491d631a2dcf81ca845d212b5361a,100,US
1ea6c6efe4d157112649713e0c36f5487ed34e7238c2b7ed16d6f45617274105,100,US
f5ae62c78a3bc0d2800a495780b82c8215768f237998f9847a0162a2e06c5ab3,100,CN
c50c0ba4893ba0fd63ff5f71395789986ce809a79f2b932a9125d0a4de3e5969,100,SG
95d0ed799f0d57b8e5ba2faede370a004f83c9636d95bfbfc8d8a504a60d5470,100,NL
f2c73555a00cdbe8108be38550b5887594e10bc2e6f58145b4ead93ef6bf78f2,100,SG
f9133e82fc641239627c9fedad5f38a663a58bbe24e79a64c0fa9b264152b5b4,100,SG
909177c7cf67cf6d49de7bdea083abe2d5b0fa4b07726d53580379fc725a9d3f,100,US
e7a29d64f84cd40b407a4694621d23d5de6a3facfb883c9fa5c9c80ba9a4cbe1,100,NL
b720c67204f8ebe0e6f0e410655fa71ce64eb813b5e85b4bb4d1f1c94162fef0,100,SG
4539363a76063e9dedaa5a27735de9e1f9ab00ccd083fad1d61588fa90c7d7f8,100,RO
aebfd6eed4fc6d00fe4ee415ffb5e03e82fdcbd3a274fcb528d609f03462a2e8,100,SA
f6b6a4a7ff771c2e7ab2d81d21c40f76259cc25ea2068593dfbd5e45bfd07896,100,SG
8da210ef50c61be3fe1ea3f8869ab099ea0c062a004c089166c4d4a5085a136d,100,US
0ce95af18057e397d8c23b2274b15cbc523e3746f3d187f4f3ac947d6e987d6c,100,CN
2c60b90c794a64851ae1e3111faafe90982f1f1d79791c7bc2447a43660a8f36,100,ID
287944660c0a2c98c240b3927c4bcb1a434734d9307e2e38f1c41e4555b514b8,100,NL
19bbcfb0d34431723ea306f85b544c37c06253b4bce6f120f5ce88ada4631463,100,US
dfd72ce53baea9c5ae68bf13ea702de9176a18d424bc44c692a5a82977eec809,100,CN
de393adf110230cb886d7aed29d6763720d172de0025d30b7f41be4397ddfa0c,100,IT
fa022bea32c952bf7b5501f1ada9c2ded9fd4daf8b5959b30eee551c58cdb053,100,RO
12c7efeac0338b194766129bb0ccba8406ffa853c708454d4ea3fe3010fb730b,100,ID
e922a7cff8cae30e7226b71e8615abe79583049c00a9398c9e9d63c0deb76064,100,NL
5dbf1542fbee22df9221a548d627e181bf9f86e4f5abb291071c8ca22513b3aa,100,US
3f04d1afb6defd02f0f9aa1baec8e215f60d2818c8a144e0f6885067de5e8cca,100,KR
0a0f123954877acefa53c42e6f59c1ad98baacc4514b5e2d71bad2ba918b9b94,100,CO
a341d013234a9db7784358a6d4976fd8db0affe346d3b916f17015a54f52040d,100,TN
cd5b98a85178d3b4490e4cfdefd126c93b0cfe1c53a120205ea480bfb3f4246f,100,VN
487426ee54d174954f5992483739634e6c6b1b549eec4c27b9d9a40799c3e736,100,NL
b72e4f8b82757fda8b0eb5f2117a1caeca1bcb39e88ff7bc6d5d8bf43495fd7a,100,ID
492fa27693d1a575e4a882b8e4fb9a4ff9ec469560d9559223d7ce24f823f934,100,KR
0a224254d3ba748a1792a3018b35d7b8043f7e26cd0e78af4cca17910b690bac,100,US
e0d235b5d263cd46fbeedb8f494b72fa86d1f348d13dd1abc998b76de7b06f5b,100,SG
e01bd3cdbaf093759da73a3ecca9334865a30c1b5cc91f859d41fab501e44e14,100,KR
c8b069df3e424872bddcb6aa891fa9a5eb2717620354284d09defe684b137d81,100,US
1120a661511063faefa9059de98546472b6806d7377c1cb3476a15e4f012e3c7,100,CN
dc825a10e278e3b50220e1957a2d8040f40635c4fc855a1aa4927d1928a5d5c4,100,NL
2f5eb7ce790d1d4e8036e8ce67f2e89a69eccbf6f0a95a49a8b46d0df2b3fbff,100,IT
7821e9eaa017485ecb03c036b7c284a37bf7438e2bf2fe0b3e625433b11146ab,100,RO
7bee7d9e02be9af1f3448f7d4b6022e81fd6ad8f20def34d572524cd1221b1e8,100,SG
d0003cd1b735609c02511a7adaff5c9a246a2fc0e43554e3380aff9a699d1f44,100,KR
86a4f88948a666fea5e28cd8a71aa55127bbe40c4bb4c9ef27948b0fde3413db,100,SG
754a36b0e5c3112a752ae288994519057ddb6456b8d360aa99aac9194d941647,100,IN
d506ead8a34c73c91d8778119dcf010e1a1b406185afdf8f204015b7d67b602c,100,SG
a59867e70257c44c6ed0d13f69ccf09b3cc571bcf043e583b6ffd72998b86447,100,IN
34451ae06fd862cc5d0fcbb1661f2df2a9c60077f2fed457cd696f1184e84a9f,100,US
903bb750d394553edac567096c141fa5f4508aeb44108fb83bc0b6c4426191c1,100,SG
1feac81f7944e6aa36fa8a30fbed1023556359df9cf56fa89fbe61b08e34c56d,100,US
1ba0331952ec1fcae0096384a56534b8be434b451863df6b3bdc5c82e712d4c9,100,US
515b45ba8609575ed8f3ed32bcbd26f564ca44da1d42cd7db2ff61d2b4f02ab8,100,NL
27695eaf29bfd505c8aaadbfe125d8f576e18ee4d1ba0b8cad955eb1c5ce7da8,100,SG
8e6f67cf649094b2c300a6ce74b7764f6be83967c0dea025fbe8a36535afcb47,100,VN
4d491e2c26439dd539687cc3098c5b872cbeecc14b9ac74e2aa55aefd7b2e2d3,100,NL
46008ca40aafd361bb4fe7dbf4d06ea0e41bc6c1d3b23f0da6d255fc26e04e3a,100,DE
234b0f7b9cbaeb949c2fb44754329a8d08135c94cb362d7281ca1c6c7783a1f0,100,ID
69e0d9c330c7f8a82815be8f991f035797022cd7590cbe47ad52ad4bdf9d708b,100,US
60c2a5efc7f3583748bb5edd6ce4612680cc5addb5da697b30947e27178b5929,100,SG
8399abc29470ebd53e082852d7d80e68945a11c9beca3c356df06188b4433484,100,ID
c3e15977c5ca00c3ad5c495dd753a448441f4616d654721338a068185fcc9b89,100,CN
79ee8edb83c6ee5ee7d577d25039d0bb69217a2474d066cab491953bc2c55e85,100,SG
f5bd48fb9deac761fbf843ef014172e8a1253d06b0a8a54158b0bb5f977a93d0,100,US
3df4bad2d392800db402d39fec9f986ea9235f610c35e6ae3fc382e4060afebc,100,SG
069bdd3f17d6ec7eb3c54ac8c5f445832f995fe878b50e3af1cecf991c113db3,100,SE
f744214ec47c224489f8f8854f24b9de4dbac02839788c29ea6f2773ffae9942,100,US
ef1c4bcd63bf27496e06652bd6b497bc54588481f06513c588ea688ef09fc801,100,SG
d3666c88303c4796588672aacf032f9309630b0c91b9f172876364417895d081,100,US
ea4445e6c5385a981759735657b5d4590ca5efb96f816abb0df7ef0ebc7fd057,100,US
dfc7556051a46d63aafa94690ec423885d4027812d12a21281103f05fc94d10c,100,NL
5e9eb1b5f7f52e0016caed4969642ae17326e72c3bcb68295d555b026231d5df,100,CN
97b4ceab708ab3e9c4286aa026c48aef2ee68c4e17a235634c5e720bb38ff6dd,100,NL
48be9525e5e254032a0d4856ea26378e9fc14fa69012b3bcf4cf3c3ed1aa0667,100,US
857939d904c1889ae54071c934d28ee972c6604ef554834d8dff36a2c13c2b46,100,IT
a4f409f3a6aaae39c67fa1716d969131ec0cc99df3d17d5338b5f9e8ff94a436,100,KR
d4331c2136045899ea2fbd489c31ad294ccc2dcae965473d5829c85c605388a7,100,LV
63b0f5a777b004a0d34fe455f666d6020510ee47a9daef1d08b7f61413cff84b,100,MX
9367f9f93570662aaac68496637bfebdffdc35ba6ad597d697a79cb72377ae98,100,IN
fb2b473fc590760e43094508eaacff0328b54ecbfc5d3d46eb3070dac5ed56d9,100,IN
2d2746c4fe67983157467efe117e623b370735a8e8c9886c95a0c9944cad1705,100,HK
bae37c0d5cb49234d5c5020dcacb0452ecb99137921f9fd2e277675a956386ba,100,FI
4907425a25ab40a29e9ef8bcd57c0233c564110785ea74703f88ca946d96b942,100,US
8023b18398702ac004951c5ff94b93c262e6409f8e56d49ff0d3fbcc3891076d,100,US
c15fa94ae7d37b79357655a0b66cd9f031a85f07619cf14601f454b734a11ab1,100,US
a53e880af7d7bb84c1c567530ce77823273373a1a910cba482d9dd5a729b2a8b,100,SG
4ec5440cc4449c9187f2247d416d7dd5491b3990dd122d76d02fbf057698a568,100,NL
50103708d47a45921364a28f6f554f45c8d589e9b030ce488ce7a2d0343caef5,100,SG
a94e3f57af0785dfd78c8a84c35011b6b2b0844c45179266f382eea59512ccbd,100,NL
70ed34e2afd61c6b33409717c3a13d06c4c6458e6cf33be3027fb4fe8b8e54b5,100,KR
80edd91763403fe12d4801763bca854f7088510344e5d5b20badef75655fe87f,100,BG
dc22dd498c04b4be4024b9ac31cb595d53b457a3efb74d537d09e7ca60b0a8a6,100,GB
36abdbbc8003909128beb5a5a6eff20fb6d1a9591647d79b78848e49543593be,100,CN
2c0d78c174e30cb6443ba34f7656795ec6887d39742729540c300d4802090705,100,HK
b5b73fb5d4c32fd3307550e0ae53ff0bc73525664feb9d79e10219057222b3b0,100,SG
5581ad654184ad84d4575b18ed38172e12b9f878f1469aaa9f9dd91dd984c882,100,CN
c1ed47cb1218016bf14acd12d9d0f5eb9ab0f3e622c44f6e18e4b042c36b5e86,100,CN
1fb2a19191b1e6b22dc2a77fc4b01f148ffd211f830692f7681bcabc2170f8c4,100,NL
b9ee13834a68f728784eb558e1d2452111c075d87bae12392cfdb239fc4b21ba,100,SG
3ea777118470e6fd60b0ce2a499d29f86f9af79013a1d334479629a1e6acf805,100,GB
c5fd2db5acd11d74835c0094d8cea1c6eb37fb4816ebb09c51fe94a7b3ccc2df,100,IN
d805dab852c508a9b90ef97aa592511170db01860a428619da10506e505eb8a9,100,MY
298ef94cfa339d012b10e53660960ef1cf1615fc09e5e85b79985b38404ff4ab,100,JP
f1e2073745831ff2e87ffb7c7ec94500d484ab6cbe4dc7ab864f11988193ed23,100,MY
e3a272ab9523dfc4c5d78f7cd8fc2f30058e82fa9fb64167dcc85a7933f27692,100,SG
047a7f5bdcd0eae6c2f877507c0bf3113fdc61fcaf68fb07fba5b588a8b7ea73,100,BG
716810175ba0eafde75d98b8b24213745350655a8428f0992fffd0ea8dd9dde3,100,TH
61808dc66b3354e6624aa29bb261eee14f3e697e6ee5a0d90a633f50397c6f98,100,IT
9bb304fbfb179782baa80a0ab19f05d59c6f311ccf6faf847a8ac8e6468299db,100,HK
6dcaedfa4a612129ea73ec95001a36f70511f2be5b1427d79c52a0c2c7180642,100,US
cdc0ad84b23cfea09b19902ea9ec1ce667622d5dc24ea2617aabf5ed6fd33c5d,100,NL
af203c1ca769fe13672239516c317f4db0dddbd321b910e09677dfc9589b73ac,100,FR
bc68c93b7abb8df00c002cd1d8e68b00fef68a02e8d49d9aced1b6de97103f3b,100,IN
dff8731fe08e2013b9740bbd89bc6586e5571efb737f03c8d39c8d4819f2531a,100,US
1152e977fcea08857e5d7b81b84bfa523c2d0f617d003f2ff1c16ed9a1c9b6dc,100,HK
a9e3ba31e61aec6e040fb0c5d3c7e267c425bdc7d596e3a4d88b609573ca073a,100,GB
f2aa606cfbe80b4c7a0fb679e60d4c596ff4f9d4cd3fbdc1246daf8fc93db6c0,100,CN
039e35c5d6576102d09db0e2dd60d1d0f90e8f1c7b4eb91206a5e417b0a2eb0a,100,HK
ecaeb6b875078f13af569778c29786c1a4147a542020bbf306e951c789b08b96,100,IN
57ac4044a55f35953f6357f90dd92c41337285a1f65fbd1ae025a2e34c2382bc,100,SG
980a980be2e4350e7e85fc1752b25d2b84c06245a84366a7fc37327a7b327dbe,100,SG
b7d0b2b6bb86aaf67db47a44697b01050718178f803a1aaf6f4013158548e575,100,US
e5687693d298ab33897460a84c6d89267dd2964a9c5cc95ef1acf470d529e957,100,SG
6ed39c68b174d915f7e8628eb7876452c117afb98fcefa31a84d3a94309775cf,100,SG
6b31f7de26c415c732025531187b0fddf11858f9380c73a14bb286440037a672,100,JP
682f96e48a4fa2605069dac6c6c91f287198da264298a80c50f0fc5e228603cd,100,US
7720bee5b09e0303fc31b65c3c1820cbc979ade019eaaa59de1c6af4ceb521a0,100,IN
ea362a9abbb67655ac37fefe976daef67cb43544e4624226e23708557eb2c451,100,CN
6cc080cc94629a5c3f44b1a73c2f2f7e25876ac2a35bca4f8520ee2b0b9722f8,100,NG
6eb4e01569154a27e074a8d12ed620b8ef8d40028114c45bb36e0de8ab49cd88,100,BR
407747d79f98e446f5a0aa632161b8ed70fd00c3f57f5671dc024db2c41e9fde,100,SG
d9eb5eff5a04840a03e6b78a813eeb485596bb3b601811d7bf14e1ca292e703c,100,RU
103d1c352d9e1b52790fa41b8cacf9f1dee75e3dafebe45b2e4b0dc4069fb54d,100,CN
43bb4cc982ecaeb3e1bf5a78b0947a5840e4937546cf2771174a42c8d124a47c,100,DE
482872af9b895d3c590a1fe1e3671ba6db7c2e1d62e7cfa5ace770ae0e8cbdfa,100,SG
01574f5a514ea2add8af513c0850e0a335f47d8e7551f858451d5060b31cfbba,100,ID
12d1a47c377871096f753187cc47e870508e9e9c779ac03d489e7fca41ae539c,100,SG
12a35538cc89cfbc462395a1d0c1f9b35c619e594ed1157ef731b6d2b5a44579,100,IN
f4b521f59053f7e3f553a7d61bcfa0c1f27053cc5f0429b28b8d0beab3cc7241,100,CA
0507b56365813ef2249512d24185759dc2b9c6ffeb1fc9e067b1836f8a1b0826,100,IN
a5f72bbc7cf7228bafce3d3195fad7c52c43f047ee1834a3d486ae4a956effb8,100,LT
136b0c311c30a4b6ca5a6edf3fe602c7472ac8c1bc757f62dd80be59df6d1533,100,IT
5611ab4bf1f335cad2ef7630583f4d3e79cc7e2ae39249f0df4b03260e0ce690,100,DE
13be3aa4611b11f2fd197e8ecf50dacaebfd96c0c3e58fe500b1d309f3f403c4,100,FR
588ec641b39eb531d8c461123a9c998615514ec04e4e32cfd68d0998f56d2650,100,JP
e68159950dd92456bcfd86a1ecf8d6ac1b7d398b7197fb593c21d9b6408890f9,100,CN
481769257e4796da4d0e0111283cfa3fb3e1936b91d6475312a95c61e116e650,100,CN
f6bf6a77d0382bed3e55998707cc450552589489bf1de4ac10fd42402d6784a5,100,SG
954a87b313b69da703556bf831fcbf40982b5b1ecade36ae28cb8cd2a62c87f1,100,CN
530c1a403b306c2a0b6652328910b39066eed8698b87d751ceba1e604b0214d8,100,CN
3b0ad68a7e3c06f3659be215a2ef7f5b7b2428b583a0e9a13ade6f70ecc52bba,100,AR
05c7d6d16160bdd6ecfbb9564e0e3fee6badbd413e953e118ec527c00582af6f,100,NL
1be0c3f54a4687ba291bfc24eaa5496a64648be687746720596e856634d6e323,100,CA
cff32dfcd1276f8fc0688711fb0f3121c4cc8b11a7ba7cfb4b7654d14df53c00,100,CN
9ca5f25c363c64c57ec1a942731878eaec4cee80655cfd114d90faa582699054,100,US
e08bf45ae0b5d6e82cbceaa950c51c4be4c93e7ad5089e1cb12ebc71810466e6,100,JP
4210c2116fc2fe1d51072cff32b9299458813140a550511a400577225cbd84af,100,NL
544230bd8505ca6442669019d685a1321d041c3ddaf69ffa81366a71e80efc22,100,CH
0ea04cf1c3f8bc9d3c78a4c18efc8fd8f44a01667101e7a50c43c9d8d0e160e2,100,US
217b1aaf8b4d80f33e1dcdb6ce7750339f38cf41db557dd5f4abc2da2196ca9f,100,US
cd6caff96537c39ecc48e2e1b54778f238d6e4f178dc4b36bc61321e1870e88b,100,SG
27b21e2417bf5da682a317b64850eeb9a5fc7190ddc7c034283a0c0b064d51ce,100,KR
2f22b9d96f36ae06c5f4fb7e92b4d5db95a1ab33a535b4c33c326a70d27a1601,100,NL
862d80d17b0bba13c48132363025958cc66aba136fee6cb5e08fbac16160da9d,100,US
a97c89c76a0c9b67a6f92fb1c1164a5b6ea9475d697f1fc317c9b74d7853a5ac,100,SG
0fea99530b444ce99b0e536d560f387a80cb3e9bb0c3667c769a38ae3e80190f,100,SG
d55d592d3a2850b97756524089fd7f9a48d03ca2f8e3cfecda9f92f85b4a73b5,100,US
078649a95d203da7c40d6e677d446fa99bb06088681b963b73cc381a9efdea7d,100,US
535d5e5d7de8bcdb9399fb67ef0a55cb4c4281beb27222a8cf96909dc0404597,100,SG
c2c3a67700438d31f9fe846054aeb27aa82da1136ce73cea004d79b524f0ea7b,100,NL
ea2cfbeff655a13cea8ef76fbd613dcb8e8793a548cb09f0a650b02ae5648c6e,100,SG
b03d56a814cc41e81c41078b60f1a572f489d3dd8eb61c5c945938ffa39cb828,100,NL
4e8a60798b3e5733ddf7735ca5b160cdbe13050ea6d58e77d5a5e3d7650f4e8f,100,NL
0276bf299841a5230e4c270ee5633e61a607b527ac575cac7cb2ed0d02e78b80,100,NL
49b652f6001ff0231382e9207c46315cf7fe036157a39c8eb5ea86c8a47bcad2,100,RO
d3384ecbd03038d9b4e9da9d78e3fd98d4b1454cd9e065e529158ba9f75dd168,100,NL
51ba42189bb502007a3c0bdf155282987567a685da0e7f0152ff90f4200ee61d,100,RU
184abf025d2a0a287f9a14b1e4e1f9e1ca6dc0843ea87b811dc43ab2d36977cc,100,NL
43758d00458b7d33973ddd1e9f3579c2568632d5972af936955701a6d594233c,100,SG
dfd26fe791d358a79b9f31e8b9548e402a83ece0afaf213f974914a79df5b08b,100,QA
27d0747bb98d1c3a93faa2759d1fba2603ae26be7764cf54e8161112ae7c1146,100,RU
3e5cef28c726c14f36c49440dc7ac84b8295b4637839f2433af19323c63c4a56,100,US
d0a81a842788700f7b6c2215d2526960b4154d8de0592340dede054fa1d9f7ea,100,NL
ec713f4d8e105de782aac86a6311798cc95aad7190c1ed6ce6207ed64d64e756,100,US
bc69c1e035865ad11a4289f51878eb842bc109c9aee0771ff7869cdb68292609,100,HU
e91e3f578105db8292e20b1b04a6ed3a3f01c2a26b997f5bf2eab8dbffaca78e,100,DE
2670b19df09f30ab0ce987ef0a99865c816a36120343bf300c17b4c774259d2c,100,US
68a51a9d3b892061a081f3c52ed2c833a210d4e0151af635a626c14a240370e5,100,SG
8bb0fa8717df6ed42c4e702ab8c751971624f22359f6ae6978fd927f63b8fb4b,100,HK
38768fbdd9fdae75f5829d2e92ca25111db8af4cf458a5353f5d86e1020eee84,100,NL
a3e6a55aa9046a5e123770d621ef971a5fd66c310fa192849d55b605d1f46f8f,100,SG
9cd1586c0728f81f3be3c72689751e80b41366f4246f93ad7212f0188f7f0b42,100,SG
c1fee98715bc15885280d7488172f7327e4d02de47f33f462b0a7d73cf569507,100,SG
23f1c748d7e8c59f761953edc698e143b8e270d02d597602c796bafde7c586dc,100,SG
e9ab7cf52d2f45c56b8c66abd7cdd63fb906b64a93be3d86a4c2037d38ff773a,100,BR
27e339e4a28856060705cf4434a9262de9ba8d80ea70655db9572800809d0083,100,NL
0e3bb0c01ef7424a3553b9025286b0fdbaed8be6ad12d7a99426e4a1224b0aa6,100,AE
34df1029ab1c4f3f624e4beda652fbf3a96403f34db4923080ed7172aece24ee,100,NL
81be7b998da40808f6d76ff857d40521d7ab23faf66a138aeefc946e5313efc6,100,US
11e5bc92e90c8b0f2d512006c2a1d3bd6e144738078c11aa8e6dfd0a766de0ee,100,RU
2b5027721195b741a58ae4d72648bb781071ffcd472c355fefb27cd6c50dea4a,100,CN
17acb516e37b13341f1f446229c2c1df143b2ac3d7cf93055fea1edb4e154380,100,SG
8071bd458c6dbedfb4373b5218149b82d2b96e6314cdfc554d502ee1f8954e27,100,CN
451fbfc12c337dbc9c25653a53aebe72911bac9affd5d9417aef825a8e7bc3ff,100,IN
8427c938b08abe7f1c75d1ea6377c35b3940584ad25401e57eebc8c9146eda9d,100,VN
b4e8e30d231c798c0173124aeb7bdfd5b02f2aa591658e78e1fc6a7a43a930cc,100,RU
0a997ba4be6a4e54fbe98dab4fb4847630de2cacc9b1e144566104cd34fe227d,100,US
e87f8ed7f28448a0cb659d4fa35d176ffdc35b977dad063de77329b40c9d7d76,100,SG
b4b1fe80251a9794bf01c17309571f320c6ad631224353773ca3e7a43c140d36,100,SG
d07abfce4c0842b1cb2964e68aef54a71e159fd8187876287ec029edb7cbdd28,100,SG
a62e6f27a70ae5eb03e7550a2fb016bfbe32146accb99a61e1443ce4f3367108,100,DE
8c2bcb4d7f81d33ec95b8c974d497d8406cb39bfb5541ab17c8d8e5211eb2c13,100,US
3eb5e000e3147fcbc90f38d3c345918d2c8a6918f8814c6431c4300ef5bb1b2f,100,US
22d65292a27c226e157ff7a1cb02c15c93fb1c943b4817c7f51fe5d52de439fc,100,IN
ff9278affe2221966b0ec60716fe1c5bcf3a17956853bf749003d9802423f1f4,100,SG
cb6d2e531ddec3ff078a9c3264157dccfe86b6f2847d39f3f7bab048e334c5f4,100,HK
e2562262e2e996f8662074626be3d4fd627105c44cb44269f7d2c12dde3eaf63,100,FR
b4ba94e738ccdb3e68ac4b32e4eca3b955806760dd23e655b5c4ef5223475e75,100,PK
6546ef7b335a4d7c0686154e96f41120f70eb2903ead4d9e035437866f79c751,100,SG
26a929dcf082f929b5b3511b2f316c54a31f1f430187de518cf979efeb2303f4,100,US
7aec808c50f18d0ba3c54b52382898a6a2f3cb57419e1997303abd45bd20bbb3,100,RU
5c42e23394c02d400ca9e6230d6b614f0ed55c87e28876a46725b29628da316b,100,US
0827ab0553279005d0e24821e4c3115f7d5e45418ecd530e9bda992be76d7d9a,100,VE
88736e8deb7f81ade82c8186e05e157ff3d94fe21302e7f14bffbc4812570c41,100,US
628d5d1ff7bf70d4eb6849151906cced2db994238a04465531a1d427f82517d5,100,RU
a4ef72f7c9c0384163cd69997a53c01afe301488680016ddc111e948fd4bb05c,100,NL
e83bc13d8f07d256edb7630eddd69ad0817afa3cc4714adaec5f72f14a4a8671,100,SG
7c3744f31dd1214b90b564e07c3321ce145008354ca859645c8d0c1300da5c0b,100,SG
5b7739483db03448c6dd166bd4d2d0bebb7f003dae2279c019b700b2aeb61923,100,SG
dd2e4598e25b71bb61ce7d050227ccbb0de5ecb2e9396e23bd8235e28b15500b,100,US
e36b484bc0dba0c38b7260e3a3c64238ce4ec7d8657a0736d7587e0e74050333,100,RO
2b14278890b69f32d3428010d911e53a88142de70e6b6b8f485e32e6975d069f,100,NL
3120ace10d442c2afdde8c862dc3f0666975668b3b638fefb045822f363fba49,100,VN
7e85726453f9e079b8b7635e472889aeb5e4afdfa0338e907c865870033ac25e,100,US
317e45314c4e2dc5d622b07c6969cf8fd24d147c134af760834cae15d1fd0aed,100,BR
17044ba91c23fdae8f157da78942bd600faf02a09827d8b198889a3577ae4690,100,SG
5d2e1ac932d2f21c3c1ffed57f1902246ac02fcc40040beaa469b9f657d15a21,100,CN
3e538cd524527f70639c0c3a5ef673ffcff8647f9747632d834ab005e688b840,100,DE
5466a5217714d82e9ff01e0c72e787be1385c81070e1482afb31442f0f30420d,100,CN
36af687d1c795b681b43348c898296a595dc70b1406af8acbe43b647348b1c7c,100,RO
1f05c53b498c77af215c6230cee4329e984d08b3933cad9d14128ece596ac9a5,100,FI
5d9d3dc06e223549bc1bec5f4d9fac55518750bd1e90120620ab80299129ea6c,100,NL
85e8c45802c330074e3f3fbf567a8d700adf3f27dfe9237c52f2e3e3f97196d2,100,US
284bf656140d96052513dcf95ef704a9932c0373ca9a8daefdc19de63cfb50b6,100,US
a6d8dd6b016a3030c19e21c03f3803d1cb5ab865b22e15c13e3b42b4d6ff4883,100,BG
9889fc2fa9c1c64e5ba0dc79e80b4e2a73fdd33396a0a3f75c0afeeda20ca370,100,FR
a1d7f1c03086a3ac1b37486aa84200e88ee42e359e2a4bf4bf7f66ac113f169d,100,KR
86f2bb81722f2fa3aaff1caa4741ea2d6f4b68e33d906f26417e82adaec6b4fe,100,US
bafc8de793f646f9b6e7927df421bf673f7131213ea3130c757c2d3fa3bd2352,100,SG
a4dd131970cb73f29773ebe54b2a650300dd466ab6e4607bf19f7b298f0417f5,100,BG
3219ec3157aabe83f08806a09772f8f0796940a225174179cb4cee71102e47ee,100,ES
153104c5ecc7d8fdd7f2d4fc6a18a8997815f6a75c679de82bc9b9ec686eb149,100,US
a1911752b11fd56697842b1c49f3371fc028b5562004f1b363201d55af52b31c,100,US
869d43bf9b23678129565c72bf46059e08b5f9e59688964613baeeadec51900c,100,US
4f508db43ff1c8c61423c03ff8a324439782db257d4f1e32305e153ebe7bb8dd,100,US
0736e8d17add48949cf9b40928ad67de29ad5078dc9d55e5a3be8414daedf89c,100,IN
1c9d0391fb9be6e774b1480bf3eeb2bc2ed812d6d9b53ef900395fce85b72937,100,JP
0bebc2369cf89e1ab277d1f9e6db5a9e4ed5dffe1701ba197cee77486b85e5e7,100,CN
11abc0995239ac694ca3db5eed12487784c2b68d797d06f233f6f129704e111a,100,US
5bb2304e0d0b1944d20197ae462f2e89b762349ad52b40b1335a1c1a08c67a73,100,SG
60dcbef565405d9c112f16cb0cdb5db7d1c5a64af627e13b0e57fadbaa2f4003,100,DE
0ae71d79fbd8d04cb46ab02db335684530d02b402d5d64439faf793d20265cd9,100,NL
6d9c2459e9318953a31c41e166194ac9031f5bac5578cab5449068dc5f3b42fa,100,HK
502d2686aaec7d09945faa7d23b3b2d933f7119d69916945d09ba81618ae564f,100,NL
a4601ccf9b8696fd3750c11be2e7aa84c7dbbb49a8b58d6e8c95aa8d7f28f5a2,100,US
df34af783ca93463bccaf241239d5e12c1c71d372170ce53bba2df2d9632f129,100,GB
3dc879ed2899c7ac89650a75247a8f7e2d9da95ee618a22fd4569dc3fd029841,100,US
bcb31952c69148a0b441710cbe5760998d567fc511e71dc767619cb47ae0d61c,100,CN
1a05d3ef682a6a870009654eb3e56c88bd901a62d533866cbe802790be0ee18e,100,US
422dee42630cba71bb13a545a94ab28d99a282bdbde20be70d29c376198b0737,100,US
423ae993400a91d748c68032e881108ee8b310df35a4a74c3c794bac1e40c22c,100,DE
5479a02f5f15381c6e49671d0371d7f8de5abf34b227cb245e3200da115f24bb,100,IN
f8eff7f6dcf53d289d9b400fc285e126015fe49580ab5af7e52143d22f1459a9,100,MM
9571d31cca92a061d2459fd63b1a693e131326443276d37e385b434cb4ea77d7,100,IN
d5f626b032d0fd81541afab0eac4d9fe4214df4b534adcf4151639c044ee1402,100,HK
03ea350bfd6ace188bcec1f1507ae2e6e2e0bef330a7d7eb69b74dcd2aa6886d,100,HK
e4f4da7f7a1026025972b87bafb0c986571c0defbcf1849e4defaa798086925c,100,KR
21da36c9f487383f1f0f93467fc849dac7f542d6b7a5090c24d1ce0c914a4251,100,RU
6df202aaea36d320f6a71badcc35d2516fd382fe3db378edf444edc0a15bf1ca,100,TR
c43da4a10c67330615b10194ef24b30a1ce7fddc380b8c7affee598ceb7251cc,100,NL
6c45d3c6af4cd5af125652492fdd1567907e707fb2c657e7b62cc16c1c3bd528,100,ID
a571d4db2ed09634ffb3d408bf0ad0041ec208c225144e35ad7ee94012fd129b,100,US
a6404a42ca3ab717c991dd9dff72613f2b83977b1d41b3c49bb013dc1ca8ed1c,100,US
6d02ff9bc7039e34a77a27659ccba1faadddea63f3f55a6aaa2a0283ba04436b,100,CN
d3ffc42e492f7961cb23499c714e3dc49ff7b87eaf583853529a02f49907c7fe,100,CN
49d9baf4854a08c49296695e6aa892511052534ba5e87d4f7b41b1d9b800ac1d,100,IN
d72bcaf604756e5d8fb50e24506f16deb804e8b28c3a281901f0850069c2a412,100,SG
b1b4eb0e502286a8c116f2bc7080296919aa5515d538dbae5eb3fdf287753902,100,SG
c322c2d7f2f041ca64a334ed653c33d272ec30c0d34c3fa3d9f576c1e44d0237,100,LT
3a3ebcbc2cd70e97f65464c1c03863046495fd16e5a24f5b72e2c27719960cf6,100,IN
27fa217fd3e55ae6f5171ed986839870cafe8cb5b7839e636f6d57f2a33f9c7e,100,KR
52d9291c547657485b3293ba6b1f7d5733e0dc2afa76dd5c15581090dc72d0e5,100,US
6aa848213ebfa0578fb9ba64ac66b3d627ca9c03ad3039459401659e4e6384e2,100,CN
d4853c79652975a28017b71b15d158ac985fede732bbbd66907e1fa152d5be41,100,SG
4e9690bdeaaae12912cf4a90529cda1ca8794578823d5e8469599e6d820524b3,100,AR
3029756f318b9deabc58f03e971e32622339e308f1629a839e5e9e84f22a608c,100,US
bf2cc3499ea619f81027fbe340047d08a7c29ffe15064dce102bc2006ac7595a,100,NL
5524b9f61aabb6b52a5871bc6a4bce65b9ce997bf03c1dc5e084097c6a07df9c,100,CN
75c503113bf5eaf7f22bd381e96cb34af7c8ad85ad89a55ae698b078505cd1b4,100,CA
b205880f56336c9f9616e2a3232c5f7731b926ada37c1082997f01d18de55e27,100,CN
7ff0f3b47d4e3e0f8ce8e24454afb8d9f678eae3ea48ba2424ba05637f3d6546,100,KR
33bcfca8b961dcced6443085772067944f3ff6428ccc17cb540aa1cb51485e5e,100,JP
e8bacdabd2926c8e9a5e0265f70bf18910edf9757277f59621662f37678e8f9e,100,US
adb293b2663334fe0879b1e6f9e8b1c7977b010d025387d99fe4179eae948e67,100,CN
fdb8a38f44fa5a5a8fffa865a4118b735bf36c6fd67e007234a6aeff2e459f38,100,CN
8c2c8748b0e55caf75b66af09ff76261ead703c5331c675cc9a3cd0442aae7c9,100,RO
2190b3a33035488d473ad7ee9f62e1667abcaf118975931bc2f749ec1f21d64a,100,RO
ad454cb58f41832cf9b62f47efc2406e78dfede7384703d66eeb21f43f0131e5,100,KR
fdacb4f58db2f4bfc9a2bee28398fd5280c6852efc3611799e8037f8cc97c6e3,100,US
24c1beecff9cbd39d1479a7752017866d12a4bfe2e210e04882c456001c31d20,100,US
92b8fee73947567598b9cc6f29aac8ef8ddd2689ce7326cb805b069b799731f8,100,US
168fea66462b8353c1d571f844527d0f8f989dbb497b77469994b375281ba90b,100,HK
9e3a2f816430d91e7e1210783b70e8cd368d080edbe20175c8e1c17e82cb8428,100,HK
4c42686d019e7463a05f0c9cdcf219dc6b775d5c08679874f84ec515d51fe911,100,SG
b5a46554c96b0282a39a7f8f0aa474ec9d456bdcb8041d86fb04e9760bfd187b,100,SG
8349d26e4a954470d70da12f5fad61fcf488f802b685356135fe21f9368b9e33,100,GB
dd70308c3b99032ffaa2a1aa26efb8a7af35c8723a14b9ab4eac890a026246c1,100,TW
eefc9fce9cefb7316e7a6c399da34423904adc987464f6762a20666ed71d5754,100,VN
b9a860bfb9862d6eae95534e870dfa25096423b5435f0d046be5964d92b36dd0,100,US
5de487bb4256b6ec789550a78141af48b9d9eb1f0d3a8f9783bc2ae9ce2edc94,100,TR
2d2a39689d9daeda9dda5dcc1cbfc46672208c35ccf6cd753b7cdcca21e2d1a7,100,IL
4ef3b8196168953d9d880fc3512997505dc8ce337d251de7cc41597f6a4cf623,100,US
0d1e4d52953b63c73c4954bd966754edb63a7017c55c5e2a4a2f43aafbca64c7,100,US
951eef23ddaa49f72b0cdde88470794e87b963fac434a4293fe20f33592a884d,100,US
321ad3623cf4affa6233a5cd0bb96b001c9e3a7deea962f4a3ba2c53f994a3e2,100,US
f5919b1e08ff1f9adc4e103d138f2247adefc9a307684b502e448fcda235d755,100,SG
5719a36c09019416c019ad2e7cd190c6deb5b24c25e8daf5cc8bc701fc86a7bb,100,CO
b53dd2da106817ed0f33649eb72ac7a3cb72e94b2357af33c14c19708acb90c2,100,CN
