ipAddress,abuseConfidenceScore,countryCode,label
208.103.161.2,0,US,0
103.10.45.57,100,VN,1
192.99.110.199,0,CA,0
83.65.2.6,100,AT,1
104.18.40.121,0,UNK,0
115.238.23.241,0,CN,0
118.194.236.126,100,JP,1
142.251.222.67,0,US,0
104.248.76.145,100,US,1
142.251.221.227,0,US,0
20.102.117.125,100,US,1
23.48.236.90,0,IN,0
104.18.23.19,0,UNK,0
163.47.203.76,100,MY,1
207.90.244.15,100,US,1
194.71.126.214,100,RS,1
162.241.218.106,100,US,1
138.201.252.115,100,DE,1
171.161.148.150,0,US,0
124.156.125.156,0,HK,0
171.244.0.91,100,VN,1
18.155.99.98,0,US,0
23.221.141.13,0,JP,0
87.240.132.78,0,RU,0
18.155.99.72,0,US,0
122.155.223.9,100,TH,1
52.200.46.40,0,US,0
57.151.106.164,100,US,1
134.122.92.81,100,DE,1
193.111.3.59,100,RU,1
188.81.58.46,100,PT,1
123.58.212.133,100,HK,1
112.78.2.88,100,VN,1
216.225.204.209,100,US,1
207.241.224.2,0,US,0
180.103.100.64,100,CN,1
75.2.108.245,0,US,0
185.34.190.18,0,IE,0
212.42.244.100,0,DE,0
51.178.1.52,100,FR,1
90.239.30.219,100,SE,1
172.64.149.22,0,UNK,0
77.83.240.43,100,NL,1
93.123.109.189,100,NL,1
34.110.155.89,0,US,0
222.161.242.146,100,CN,1
206.168.34.72,100,US,1
14.123.237.218,100,CN,1
162.244.66.166,100,US,1
104.18.23.208,0,UNK,0
52.52.122.54,0,US,0
92.53.96.215,100,RU,1
147.92.243.206,0,JP,0
81.30.107.109,100,LT,1
109.169.39.140,100,GB,1
18.155.99.122,0,US,0
182.22.24.252,0,JP,0
34.140.37.23,0,BE,0
185.125.189.223,0,GB,0
92.53.96.193,100,RU,1
151.101.0.144,0,US,0
46.101.8.63,100,GB,1
104.19.174.68,0,UNK,0
172.65.90.26,0,UNK,0
147.92.240.79,0,JP,0
104.114.86.103,0,IN,0
81.91.156.169,100,IR,1
183.179.150.46,0,HK,0
47.251.68.119,100,US,1
212.77.98.9,0,PL,0
194.226.65.229,0,RU,0
49.65.1.179,100,CN,1
52.71.72.244,0,US,0
35.190.14.201,0,US,0
27.71.230.3,100,VN,1
196.251.70.139,100,NL,1
18.155.99.31,0,US,0
175.206.105.126,100,KR,1
185.165.191.27,100,US,1
185.17.117.32,0,CZ,0
176.65.149.231,100,DE,1
192.185.176.108,100,US,1
52.95.120.39,0,IE,0
99.84.188.114,0,US,0
193.46.63.50,0,DE,0
148.139.192.125,0,US,0
185.53.36.36,0,IT,0
92.124.133.35,100,RU,1
185.192.96.207,100,DE,1
23.43.118.175,0,IN,0
141.193.213.10,0,US,0
34.90.247.117,0,NL,0
165.140.237.71,100,US,1
158.179.168.48,100,KR,1
174.129.137.0,0,US,0
18.155.99.63,0,US,0
185.226.197.60,100,NL,1
23.60.108.238,0,IN,0
43.137.211.13,0,CN,0
96.17.96.23,0,SG,0
5.134.122.27,100,IT,1
20.80.105.86,100,US,1
15.204.43.173,100,US,1
35.241.20.76,0,US,0
170.64.154.53,100,AU,1
81.30.107.185,100,LT,1
8.221.141.224,100,JP,1
107.174.67.215,100,US,1
86.176.237.149,100,GB,1
20.80.88.209,100,US,1
8.141.115.194,100,CN,1
75.2.119.185,0,US,0
142.250.77.46,0,US,0
104.21.69.7,0,UNK,0
147.45.50.33,100,NL,1
185.255.91.124,100,IR,1
144.196.130.69,0,US,0
122.53.133.167,100,PH,1
202.165.22.246,100,MY,1
35.173.13.130,0,US,0
167.187.200.23,0,US,0
142.251.220.36,0,US,0
159.60.134.0,0,US,0
187.170.78.114,100,MX,1
184.168.126.97,100,SG,1
104.18.32.47,0,UNK,0
14.103.253.20,100,CN,1
103.123.62.101,100,ID,1
104.121.229.180,0,IN,0
207.90.244.17,100,US,1
172.66.159.118,0,UNK,0
172.64.151.237,0,UNK,0
183.110.116.126,100,KR,1
173.212.238.133,100,DE,1
81.30.107.94,100,LT,1
36.51.224.123,0,CN,0
104.18.28.34,0,UNK,0
45.60.105.114,0,US,0
15.222.215.74,0,CA,0
81.19.74.1,0,RU,0
172.64.146.81,0,UNK,0
121.185.25.196,100,KR,1
57.144.170.192,0,IN,0
78.153.140.178,100,GB,1
78.41.110.157,0,RU,0
162.241.63.6,100,US,1
152.32.238.132,100,US,1
208.109.192.70,0,US,0
198.55.98.62,100,NL,1
107.175.141.10,100,US,1
104.18.23.52,0,UNK,0
94.26.61.97,100,BG,1
193.32.162.145,100,RO,1
54.239.33.58,0,IE,0
2.99.213.87,100,GB,1
49.247.172.43,100,KR,1
185.104.189.6,100,TR,1
18.234.22.254,0,US,0
211.45.175.153,100,KR,1
18.155.99.34,0,US,0
43.254.133.200,100,TH,1
36.135.107.57,100,CN,1
103.171.84.195,100,ID,1
142.250.71.110,0,US,0
34.149.146.46,0,US,0
138.1.33.162,0,US,0
85.10.250.72,0,DE,0
151.101.129.171,0,US,0
5.23.51.195,100,RU,1
54.152.111.236,0,US,0
192.0.66.192,0,US,0
128.199.204.81,100,SG,1
151.101.64.152,0,US,0
185.178.210.201,0,RU,0
172.208.24.217,100,US,1
3.227.192.229,0,US,0
39.129.25.70,100,CN,1
59.111.129.134,0,CN,0
94.253.60.3,100,RU,1
104.18.90.237,0,UNK,0
161.117.97.92,0,SG,0
45.134.26.79,100,RU,1
104.16.151.136,0,UNK,0
155.46.172.255,0,US,0
103.144.87.192,100,VN,1
216.218.206.83,100,US,1
104.18.39.116,0,UNK,0
18.208.237.48,0,US,0
151.101.65.55,0,US,0
192.0.78.24,0,US,0
43.166.253.120,100,US,1
196.75.80.247,100,MA,1
172.67.70.191,0,UNK,0
45.135.193.253,100,DE,1
209.141.33.240,100,US,1
117.64.180.19,100,CN,1
162.159.140.229,0,UNK,0
107.173.84.28,100,US,1
196.251.70.221,100,NL,1
104.17.117.12,0,UNK,0
103.41.167.234,0,CN,0
14.103.160.123,100,CN,1
190.4.23.186,100,HN,1
152.32.135.48,100,HK,1
66.240.205.34,100,US,1
181.188.172.6,100,BO,1
34.102.163.158,0,US,0
67.199.248.12,0,US,0
57.144.171.32,0,IN,0
88.218.0.13,100,GB,1
23.11.215.154,0,IN,0
77.83.240.44,100,NL,1
161.132.51.153,100,PE,1
194.180.49.71,100,PL,1
178.201.162.195,100,DE,1
48.211.234.142,0,US,0
172.64.146.247,0,UNK,0
185.169.4.184,100,LT,1
65.49.1.18,100,US,1
186.192.83.12,0,BR,0
58.245.210.70,100,CN,1
193.163.125.198,100,GB,1
54.161.15.187,100,US,1
151.101.0.81,0,US,0
104.18.35.86,0,UNK,0
107.21.218.60,0,US,0
14.103.112.107,100,CN,1
45.135.232.248,100,RU,1
106.11.43.71,0,CN,0
36.92.122.5,100,ID,1
34.34.105.97,0,NL,0
193.46.255.185,100,RO,1
104.18.139.67,0,UNK,0
103.10.4.227,0,TW,0
217.70.184.38,0,FR,0
172.236.228.224,100,US,1
57.144.171.32,0,IN,0
104.236.248.24,100,US,1
219.87.28.83,0,TW,0
108.179.252.140,100,US,1
117.50.57.32,100,CN,1
104.20.20.189,0,UNK,0
157.245.244.61,100,US,1
52.1.206.176,100,US,1
76.223.48.94,0,US,0
186.31.95.163,100,CO,1
122.187.172.98,100,IN,1
23.206.203.45,0,HK,0
3.213.46.222,100,US,1
151.101.194.194,0,US,0
13.107.246.48,0,US,0
65.49.1.177,100,US,1
162.159.135.11,0,UNK,0
164.92.202.181,100,DE,1
104.114.71.74,0,IN,0
185.26.182.104,0,NL,0
64.62.197.21,100,US,1
193.163.125.90,100,GB,1
23.11.215.155,0,IN,0
23.54.57.42,0,SG,0
182.42.113.10,100,CN,1
151.101.208.95,0,IN,0
59.102.123.125,100,AU,1
52.95.120.67,0,IE,0
17.253.144.10,0,US,0
104.26.8.8,0,UNK,0
218.149.228.161,100,KR,1
193.46.255.20,100,RO,1
103.170.4.19,100,CN,1
104.16.249.249,0,UNK,0
18.155.99.55,0,US,0
14.225.2.69,0,VN,0
190.65.62.234,100,CO,1
185.88.181.4,0,NL,0
54.192.18.35,0,US,0
172.66.165.104,0,UNK,0
185.177.72.107,100,FR,1
117.50.216.193,100,CN,1
18.155.99.16,0,US,0
80.94.93.233,100,RO,1
23.197.128.181,0,DE,0
216.218.236.2,0,US,0
193.32.162.198,100,RO,1
151.101.194.187,0,US,0
1.2.3.4,0,AU,0
103.209.36.58,100,IN,1
193.163.125.62,100,GB,1
23.215.7.18,0,SG,0
211.20.14.156,100,TW,1
79.116.47.127,100,ES,1
20.204.244.192,0,IN,0
18.155.99.87,0,US,0
193.46.63.50,0,DE,0
104.18.0.22,0,UNK,0
103.133.36.6,100,ID,1
24.103.21.222,100,US,1
194.180.49.218,100,PL,1
3.33.182.45,0,US,0
119.45.249.249,0,CN,0
194.164.107.4,100,SG,1
194.164.54.162,100,DE,1
14.103.117.97,100,CN,1
13.35.202.23,0,US,0
23.185.0.4,0,US,0
107.172.252.231,100,US,1
23.220.71.48,0,HK,0
18.155.99.71,0,US,0
60.190.232.40,0,CN,0
103.115.252.62,100,BD,1
122.227.210.102,100,CN,1
104.18.26.193,0,UNK,0
23.11.215.144,0,IN,0
23.1.106.133,0,US,0
211.72.129.212,100,TW,1
142.250.192.14,0,US,0
137.184.226.250,100,US,1
23.38.57.116,0,IN,0
54.239.33.90,0,IE,0
185.88.181.54,0,NL,0
211.136.27.3,0,CN,0
102.88.137.80,100,NG,1
18.161.111.106,0,US,0
193.46.255.159,100,RO,1
52.14.122.207,100,US,1
45.43.33.210,100,HK,1
108.179.253.160,100,US,1
162.159.135.42,0,UNK,0
138.197.24.249,100,US,1
216.238.190.102,0,US,0
163.172.115.90,100,FR,1
193.163.125.9,100,GB,1
14.103.117.145,100,CN,1
202.181.90.156,0,SG,0
201.164.155.186,100,MX,1
63.250.38.213,100,US,1
3.235.245.94,0,US,0
45.188.200.26,100,BR,1
35.239.77.168,100,US,1
151.101.3.1,0,US,0
23.11.215.218,0,IN,0
17.253.142.4,0,US,0
14.63.196.175,100,KR,1
109.233.159.253,0,DE,0
103.103.245.61,100,HK,1
162.241.203.227,100,US,1
220.181.158.191,0,CN,0
198.46.135.182,100,US,1
104.16.184.241,0,UNK,0
23.21.43.10,0,US,0
187.51.219.26,100,BR,1
65.49.1.220,100,US,1
176.99.5.31,100,RU,1
34.214.26.178,0,US,0
17.253.142.4,0,US,0
114.96.90.14,100,CN,1
185.165.191.26,100,US,1
85.159.232.22,0,NL,0
49.7.118.241,0,CN,0
149.154.167.99,0,GB,0
208.74.121.151,0,US,0
103.155.161.253,100,VN,1
116.120.58.228,100,KR,1
178.71.129.200,100,RU,1
4.227.36.0,100,US,1
182.43.243.254,100,CN,1
192.227.247.116,100,US,1
82.165.229.87,0,DE,0
8.222.199.224,100,SG,1
99.83.190.102,0,US,0
103.57.64.214,100,IN,1
142.250.192.99,0,US,0
161.148.164.31,0,BR,0
160.191.89.60,100,VN,1
75.2.70.75,0,US,0
104.121.228.166,0,IN,0
136.143.190.155,0,US,0
103.139.212.188,100,CN,1
13.8.148.11,0,US,0
107.154.106.101,0,US,0
216.239.32.53,0,US,0
18.155.99.20,0,US,0
3.133.47.143,100,US,1
40.77.167.67,100,US,1
192.0.66.51,0,US,0
216.239.36.145,0,US,0
61.136.93.164,100,CN,1
162.241.203.182,100,US,1
180.186.38.200,0,CN,0
81.30.107.191,100,LT,1
151.101.3.42,0,US,0
35.71.162.15,0,US,0
141.193.213.11,0,US,0
3.132.23.201,100,US,1
185.241.208.92,100,PL,1
103.146.159.12,100,HK,1
201.17.133.138,100,BR,1
18.155.99.127,0,US,0
170.194.156.208,0,US,0
101.227.203.162,100,CN,1
180.178.104.134,100,ID,1
45.156.129.153,100,US,1
203.251.202.80,100,KR,1
220.247.224.226,100,LK,1
185.213.175.190,100,NL,1
64.62.156.160,100,US,1
23.185.0.4,0,US,0
20.112.250.133,0,US,0
81.30.107.15,100,LT,1
72.21.210.29,0,US,0
151.101.208.95,0,IN,0
112.105.47.120,100,TW,1
150.95.111.118,100,VN,1
40.66.16.2,0,US,0
119.209.12.20,100,KR,1
107.189.10.75,100,CH,1
18.155.99.122,0,US,0
103.49.238.99,100,ID,1
154.217.243.32,100,US,1
60.199.224.55,100,TW,1
104.114.85.234,0,IN,0
34.72.35.168,100,US,1
20.55.84.43,100,US,1
61.135.164.50,0,CN,0
123.160.221.172,100,CN,1
13.107.246.68,0,US,0
91.215.43.194,0,RU,0
107.20.175.192,0,US,0
69.194.143.123,0,US,0
142.251.222.110,0,US,0
223.130.192.248,0,KR,0
103.140.2.112,100,IN,1
23.202.128.95,0,SG,0
185.85.0.29,0,DE,0
123.160.221.157,100,CN,1
35.189.126.202,0,GB,0
104.16.218.109,0,UNK,0
23.192.228.84,0,US,0
103.218.240.181,100,HK,1
160.174.129.232,100,MA,1
151.101.122.137,0,FR,0
8.221.141.40,100,JP,1
45.95.147.247,100,NL,1
104.18.39.123,0,UNK,0
196.251.87.3,100,NL,1
203.119.169.88,0,CN,0
14.103.139.157,100,CN,1
198.46.249.175,100,US,1
207.45.72.215,0,US,0
195.178.110.15,100,NL,1
62.219.50.32,0,IL,0
170.187.163.117,100,US,1
142.250.70.73,0,US,0
103.118.114.22,100,IN,1
151.101.129.224,0,US,0
213.174.149.180,0,NL,0
75.2.70.75,0,US,0
2.58.56.248,100,NL,1
217.74.75.90,0,PL,0
18.139.94.218,0,SG,0
101.40.90.43,100,CN,1
52.165.2.44,100,US,1
87.236.176.59,100,GB,1
142.93.116.14,100,US,1
142.251.221.228,0,US,0
147.93.159.18,100,SG,1
118.193.47.223,100,HK,1
103.75.196.188,100,DE,1
106.51.92.114,100,IN,1
35.154.5.242,100,IN,1
193.3.53.5,100,US,1
116.196.70.63,100,CN,1
103.164.9.117,100,PK,1
125.228.24.84,100,TW,1
34.107.151.202,0,US,0
172.67.173.161,0,UNK,0
91.231.89.114,100,FR,1
120.138.19.65,100,NZ,1
188.254.76.32,100,RU,1
118.194.250.245,100,TH,1
23.217.52.25,0,IN,0
18.155.99.102,0,US,0
5.188.83.102,0,RU,0
216.172.172.65,100,US,1
107.170.66.27,100,US,1
200.147.35.149,0,BR,0
18.155.99.90,0,US,0
182.43.235.218,100,CN,1
193.189.100.197,100,SE,1
184.105.247.194,100,US,1
45.142.193.164,100,NL,1
34.117.152.135,0,US,0
40.77.167.241,100,US,1
34.96.84.62,0,US,0
149.28.153.190,100,SG,1
34.142.2.16,100,GB,1
46.235.84.183,100,KZ,1
142.251.42.3,0,US,0
81.30.107.115,100,LT,1
151.101.0.223,0,US,0
152.32.172.161,100,HK,1
64.176.193.135,0,US,0
193.163.125.51,100,GB,1
45.118.146.109,100,VN,1
13.223.14.199,0,US,0
151.101.193.135,0,US,0
13.35.185.61,0,US,0
104.17.110.190,0,UNK,0
103.61.123.221,100,VN,1
8.210.20.17,0,HK,0
172.64.154.211,0,UNK,0
43.245.249.251,100,ID,1
91.196.152.127,100,FR,1
50.6.155.50,100,US,1
205.178.187.13,0,US,0
85.111.45.200,0,TR,0
54.69.127.167,0,US,0
154.83.15.200,100,HK,1
20.29.23.140,100,US,1
151.101.193.91,0,US,0
104.18.12.15,0,UNK,0
151.236.80.22,0,RU,0
103.117.180.182,100,IN,1
54.225.198.196,0,US,0
167.172.166.36,100,DE,1
51.161.172.215,100,AU,1
45.79.177.245,100,US,1
203.161.43.55,100,US,1
211.72.129.211,100,TW,1
147.93.157.77,100,SG,1
66.203.124.31,0,LU,0
64.142.54.22,0,US,0
13.35.37.10,0,US,0
89.43.78.181,100,TR,1
185.226.197.58,100,NL,1
176.65.148.84,100,DE,1
88.212.241.122,0,RU,0
54.239.33.83,0,IE,0
216.104.47.46,100,US,1
201.173.16.21,100,MX,1
15.197.238.104,0,US,0
198.24.79.245,100,US,1
54.158.14.62,0,US,0
203.205.254.157,0,HK,0
165.193.78.252,0,US,0
34.246.241.220,0,IE,0
34.124.154.83,100,SG,1
185.255.90.146,100,IR,1
85.114.136.161,0,DE,0
185.220.161.23,0,GB,0
52.195.244.163,0,JP,0
46.38.41.53,100,RU,1
85.122.120.92,100,RO,1
96.92.63.243,100,US,1
151.101.65.164,0,US,0
193.46.255.99,100,RO,1
209.51.188.116,0,US,0
144.160.155.43,0,US,0
18.155.99.83,0,US,0
103.172.237.182,100,VN,1
99.83.190.102,0,US,0
45.141.233.239,100,NL,1
104.26.5.197,0,UNK,0
89.248.167.131,100,NL,1
178.33.109.193,100,FR,1
103.115.104.38,100,ID,1
162.159.136.232,0,UNK,0
192.0.66.182,0,US,0
4.217.251.144,100,KR,1
52.94.236.248,0,US,0
192.210.135.20,100,US,1
156.59.238.20,0,SG,0
15.72.80.135,0,US,0
3.166.49.76,0,US,0
104.114.67.116,0,IN,0
51.79.160.58,100,SG,1
52.58.199.22,0,DE,0
91.98.36.24,100,DE,1
104.18.16.228,0,UNK,0
13.248.158.7,0,US,0
104.16.133.27,0,UNK,0
98.182.1.143,0,US,0
23.223.3.113,0,IN,0
43.159.24.58,0,SG,0
135.220.171.225,100,DE,1
20.84.152.142,100,US,1
71.6.165.200,100,US,1
162.19.138.83,0,DE,0
91.109.20.242,0,DE,0
8.221.138.102,100,JP,1
159.89.225.170,100,US,1
141.193.213.20,0,US,0
218.161.90.126,100,TW,1
3.169.183.18,0,US,0
104.18.32.137,0,UNK,0
3.127.140.195,0,DE,0
154.198.49.48,100,HK,1
104.17.29.3,0,UNK,0
104.18.98.112,0,UNK,0
45.239.131.117,100,AR,1
94.124.225.159,100,RU,1
177.229.197.38,100,MX,1
81.0.247.225,100,GB,1
2804:b44:1000::35,100,BR,1
108.159.15.101,0,US,0
172.65.251.78,0,UNK,0
217.20.155.13,0,RU,0
104.18.25.18,0,UNK,0
133.237.180.69,0,JP,0
41.230.60.199,100,TN,1
18.155.99.40,0,US,0
20.112.250.133,0,US,0
13.79.187.97,100,IE,1
85.236.41.102,100,DE,1
104.26.3.98,0,UNK,0
138.81.131.132,0,CH,0
18.155.99.24,0,US,0
40.112.243.53,0,US,0
195.8.215.136,0,FR,0
178.18.243.100,100,DE,1
46.8.112.100,100,JP,1
142.250.207.163,0,US,0
52.74.6.109,0,SG,0
52.14.58.0,100,US,1
41.80.35.45,100,KE,1
23.206.203.117,0,HK,0
138.1.125.45,0,US,0
3.11.206.231,0,GB,0
57.144.170.34,0,IN,0
139.99.35.34,100,SG,1
35.190.14.201,0,US,0
103.111.228.251,100,IN,1
104.26.5.188,0,UNK,0
193.73.122.13,100,CH,1
162.159.140.229,0,UNK,0
80.94.95.15,100,RO,1
50.116.86.40,100,US,1
151.101.130.133,0,US,0
185.147.178.14,0,IR,0
165.154.182.223,100,US,1
34.194.97.138,0,US,0
3.126.246.180,0,DE,0
183.107.58.197,100,KR,1
34.23.42.151,100,US,1
104.18.2.224,0,UNK,0
66.254.114.79,0,US,0
18.155.99.109,0,US,0
91.224.92.14,100,LT,1
196.251.116.16,100,NL,1
217.20.155.82,0,RU,0
151.101.0.81,0,US,0
104.121.229.5,0,IN,0
18.155.99.15,0,US,0
13.35.37.20,0,US,0
142.250.70.37,0,US,0
34.206.78.132,0,US,0
36.135.62.79,100,CN,1
143.166.136.12,0,US,0
172.66.148.42,0,UNK,0
50.116.112.130,100,US,1
129.80.228.231,100,US,1
8.219.209.122,100,SG,1
198.12.252.11,100,US,1
185.180.200.2,0,RU,0
222.98.122.37,100,KR,1
20.231.239.246,0,US,0
104.121.228.65,0,IN,0
43.134.190.161,100,SG,1
104.18.0.50,0,UNK,0
167.99.49.89,100,US,1
193.46.255.217,100,RO,1
42.96.18.76,100,VN,1
44.230.238.127,0,US,0
217.148.136.104,100,ES,1
185.252.30.41,100,IR,1
1.247.245.61,100,KR,1
93.123.109.114,100,NL,1
104.16.80.73,0,UNK,0
64.62.197.20,100,US,1
152.32.150.29,100,US,1
20.221.105.198,0,US,0
151.101.130.46,0,US,0
72.163.4.185,0,US,0
194.31.53.160,100,SG,1
18.155.99.8,0,US,0
94.75.220.1,0,NL,0
3.83.194.10,0,US,0
152.131.96.221,0,US,0
153.2.224.130,0,US,0
198.185.159.176,0,US,0
128.208.60.208,0,US,0
152.32.164.115,100,TW,1
190.104.25.210,100,BO,1
182.53.52.68,100,TH,1
192.0.77.40,0,US,0
34.160.41.36,0,US,0
18.155.99.46,0,US,0
1.163.33.39,100,TW,1
194.67.72.31,0,RU,0
190.223.60.209,100,PE,1
8.219.14.49,100,SG,1
198.49.23.145,0,US,0
23.185.0.4,0,US,0
13.79.187.126,100,IE,1
158.247.7.206,0,US,0
66.102.135.126,100,CA,1
54.153.56.183,0,US,0
188.166.249.245,100,SG,1
185.191.171.5,100,US,1
150.95.25.204,100,TH,1
81.133.106.57,100,GB,1
199.45.154.146,100,HK,1
23.47.230.164,0,IN,0
46.8.112.24,100,JP,1
103.134.154.72,100,SG,1
23.137.255.140,100,US,1
220.250.41.11,100,CN,1
56.0.134.100,0,US,0
88.255.189.13,100,TR,1
206.168.34.125,100,US,1
170.114.52.2,0,US,0
49.64.169.153,100,CN,1
49.7.254.140,0,CN,0
165.154.173.204,100,US,1
162.159.129.233,0,UNK,0
104.20.20.192,0,UNK,0
203.82.40.34,100,PH,1
185.216.116.71,100,HK,1
14.223.167.113,100,CN,1
104.215.52.0,100,JP,1
190.181.63.194,100,BO,1
90.154.46.138,100,RU,1
51.222.156.110,100,CA,1
8.222.186.193,100,SG,1
47.254.207.86,100,MY,1
104.17.156.85,0,UNK,0
52.169.3.206,100,IE,1
20.112.250.133,0,US,0
149.154.167.99,0,GB,0
92.118.39.62,100,RO,1
220.118.173.234,100,KR,1
122.114.12.133,100,CN,1
3.96.91.14,0,CA,0
103.81.84.34,100,VN,1
193.46.255.33,100,RO,1
91.191.209.198,100,BG,1
43.153.122.30,100,US,1
89.40.72.190,100,RO,1
101.109.9.36,100,TH,1
52.46.143.13,0,US,0
16.15.179.194,0,US,0
16.182.40.29,0,US,0
34.160.122.192,0,US,0
66.254.114.41,0,US,0
118.36.196.19,100,KR,1
34.120.225.113,0,US,0
59.41.20.37,100,CN,1
45.60.131.229,0,US,0
157.191.4.253,0,US,0
51.91.152.238,100,FR,1
151.101.193.197,0,US,0
54.197.119.184,0,US,0
36.99.41.217,100,CN,1
91.122.60.239,100,RU,1
13.91.95.74,0,US,0
66.254.114.238,0,US,0
35.186.247.156,0,US,0
35.228.105.46,0,FI,0
69.58.187.75,0,US,0
1.52.53.81,100,VN,1
54.231.132.29,0,US,0
122.192.33.39,100,CN,1
100.20.214.93,0,US,0
185.199.109.153,0,US,0
142.251.220.46,0,US,0
103.255.134.61,100,IN,1
122.225.203.106,100,CN,1
204.2.255.219,0,JP,0
185.65.149.115,0,RU,0
159.192.122.127,100,TH,1
71.235.225.181,100,US,1
104.215.63.188,100,JP,1
176.65.148.205,100,DE,1
89.44.137.176,100,RO,1
196.251.86.239,100,NL,1
125.83.13.74,100,CN,1
115.236.118.54,0,CN,0
101.126.67.255,100,CN,1
125.124.42.183,100,CN,1
74.115.51.6,0,US,0
79.137.36.161,100,FR,1
104.18.25.107,0,UNK,0
104.17.108.108,0,UNK,0
173.237.185.49,100,US,1
104.114.71.31,0,IN,0
146.70.185.32,100,US,1
81.30.107.38,100,LT,1
81.192.46.49,100,MA,1
54.239.26.220,0,US,0
20.231.239.246,0,US,0
8.216.65.225,100,JP,1
185.12.204.239,100,NL,1
52.96.91.34,0,US,0
42.248.126.193,100,CN,1
45.194.70.254,100,TH,1
104.16.201.94,0,UNK,0
65.49.1.204,100,US,1
80.94.95.112,100,RO,1
34.160.205.140,0,US,0
87.106.35.227,100,GB,1
61.155.106.101,100,CN,1
104.18.38.159,0,UNK,0
100.29.192.34,100,US,1
142.251.222.78,0,US,0
20.169.105.44,100,US,1
193.218.202.89,0,DE,0
150.171.73.16,0,US,0
151.101.66.132,0,US,0
172.66.1.220,0,UNK,0
104.18.147.40,0,UNK,0
178.248.233.148,0,RU,0
52.74.75.111,0,SG,0
104.248.235.219,100,US,1
34.36.121.47,0,US,0
101.126.128.106,100,CN,1
136.232.98.230,100,IN,1
45.140.17.26,100,RU,1
76.76.21.21,0,US,0
59.111.160.244,0,CN,0
118.179.219.137,100,BD,1
79.124.56.102,100,BG,1
104.17.227.60,0,UNK,0
171.243.149.38,100,VN,1
207.90.244.18,100,US,1
206.174.74.88,100,US,1
202.125.43.19,100,AU,1
176.65.148.57,100,DE,1
193.141.64.243,100,IR,1
76.223.18.1,0,US,0
60.249.252.94,100,TW,1
199.36.158.100,0,US,0
60.255.240.205,100,CN,1
223.197.125.110,100,HK,1
45.138.131.124,0,DE,0
34.243.244.2,100,IE,1
103.252.197.151,100,TW,1
198.98.53.110,100,US,1
111.91.24.52,100,SG,1
136.243.149.187,0,DE,0
151.101.129.181,0,US,0
179.32.33.161,100,CO,1
142.251.222.66,0,US,0
162.241.92.55,100,US,1
135.220.181.98,100,DE,1
176.65.148.2,100,DE,1
157.230.144.245,100,US,1
18.155.99.111,0,US,0
104.16.254.120,0,UNK,0
79.3.7.49,100,IT,1
44.196.119.63,100,US,1
18.155.99.28,0,US,0
35.233.97.43,100,BE,1
88.119.179.203,100,LT,1
159.65.115.120,100,DE,1
17.253.144.10,0,US,0
147.136.186.197,0,US,0
45.88.8.186,100,NL,1
64.62.197.118,100,US,1
148.251.96.211,0,DE,0
2a03:4000:58:9e9:58eb:eaff:fed1:a1b8,100,DE,1
44.218.59.236,0,US,0
177.52.160.32,100,BR,1
13.126.162.131,0,IN,0
211.45.27.231,0,KR,0
151.101.1.91,0,US,0
117.72.205.36,100,CN,1
135.220.17.100,100,DE,1
120.33.192.43,100,CN,1
160.251.101.169,100,JP,1
141.98.11.57,100,LT,1
151.101.194.159,0,US,0
104.18.120.34,0,UNK,0
176.32.108.185,0,IE,0
166.117.27.62,0,US,0
204.79.197.219,0,US,0
59.48.40.6,100,CN,1
104.18.42.227,0,UNK,0
5.188.206.114,100,BG,1
52.220.54.219,0,SG,0
79.47.31.47,100,IT,1
13.74.148.113,100,IE,1
104.16.194.247,0,UNK,0
104.17.6.58,0,UNK,0
156.232.9.164,100,US,1
104.234.115.2,100,US,1
189.51.95.223,100,BR,1
18.155.99.92,0,US,0
103.117.180.206,100,IN,1
80.158.66.24,0,DE,0
196.251.118.184,100,NL,1
60.174.35.18,100,CN,1
60.199.208.223,100,TW,1
8.134.50.24,0,CN,0
52.84.90.16,0,US,0
8.147.132.72,100,CN,1
218.87.21.146,100,CN,1
104.18.42.19,0,UNK,0
185.207.236.86,0,MD,0
159.65.141.229,100,SG,1
204.79.197.212,0,US,0
104.109.11.129,0,BR,0
213.95.181.12,0,DE,0
100.28.244.61,0,US,0
18.155.99.21,0,US,0
57.144.170.1,0,IN,0
196.191.212.238,100,ET,1
110.4.45.184,100,MY,1
212.114.22.59,100,FR,1
23.15.98.127,0,SG,0
104.18.169.222,0,UNK,0
23.11.215.136,0,IN,0
199.36.158.100,0,US,0
18.155.99.126,0,US,0
193.163.125.168,100,GB,1
222.73.48.210,100,CN,1
223.75.218.224,100,CN,1
185.166.104.3,0,IR,0
45.78.192.83,100,SG,1
62.106.95.227,100,IR,1
103.193.178.248,100,ID,1
184.25.220.95,0,SG,0
151.101.128.84,0,US,0
104.16.160.145,0,UNK,0
96.99.227.0,0,US,0
162.159.129.70,0,UNK,0
106.227.87.29,100,CN,1
196.191.128.2,100,ET,1
103.124.94.124,100,VN,1
151.101.42.62,0,US,0
91.196.152.191,100,FR,1
192.133.11.1,0,US,0
163.53.76.86,0,IN,0
54.170.65.150,0,IE,0
14.194.128.158,100,IN,1
128.116.50.3,0,SG,0
104.16.133.229,0,UNK,0
151.101.131.52,0,US,0
190.221.3.84,0,AR,0
13.214.238.55,0,SG,0
8.210.46.25,100,HK,1
23.39.42.46,0,IE,0
141.193.213.10,0,US,0
46.101.81.131,100,GB,1
20.76.201.171,0,NL,0
51.158.205.47,100,NL,1
118.25.163.88,0,CN,0
47.246.173.237,0,SG,0
162.159.128.65,0,UNK,0
103.183.75.90,100,ID,1
153.122.201.0,100,JP,1
2.18.55.207,0,BR,0
45.142.193.167,100,NL,1
14.103.203.191,100,CN,1
8.8.8.8,0,US,0
209.74.87.41,100,US,1
52.119.161.5,0,US,0
23.61.253.15,0,JP,0
94.103.34.243,100,TR,1
47.121.136.141,100,CN,1
80.94.93.119,100,RO,1
27.68.169.71,100,VN,1
62.0.120.14,100,IL,1
34.117.59.81,0,US,0
59.125.33.67,100,TW,1
87.236.197.69,100,CZ,1
44.229.73.170,0,US,0
69.49.241.11,100,US,1
103.211.217.213,100,IN,1
185.12.152.144,0,RU,0
3.165.102.104,0,US,0
15.197.167.90,0,US,0
198.57.247.189,100,US,1
34.192.67.98,100,US,1
104.16.140.114,0,UNK,0
95.252.128.254,100,IT,1
46.8.112.14,100,JP,1
120.138.18.136,100,NZ,1
74.176.53.217,100,JP,1
54.86.126.30,0,US,0
142.250.183.46,0,US,0
81.30.107.174,100,LT,1
147.182.194.60,100,US,1
87.226.162.216,0,RU,0
165.154.43.179,100,HK,1
92.223.97.97,0,LU,0
77.88.44.55,0,RU,0
2001:41d0:303:d0c5::,100,FR,1
44.211.99.149,0,US,0
123.160.166.18,100,CN,1
150.171.22.12,0,US,0
43.153.10.2,100,US,1
85.133.216.85,100,IR,1
208.109.213.127,100,US,1
175.110.65.145,100,FI,1
89.43.78.182,100,TR,1
84.46.240.221,100,DE,1
14.103.115.85,100,CN,1
20.112.250.133,0,US,0
103.102.166.224,0,US,0
18.155.99.51,0,US,0
152.32.172.94,100,HK,1
103.29.180.250,100,BD,1
141.193.213.20,0,US,0
15.197.146.156,0,US,0
45.94.215.4,100,IR,1
152.52.245.38,100,IN,1
45.140.17.124,100,RU,1
112.220.250.19,100,KR,1
104.16.25.14,0,UNK,0
15.235.224.64,100,SG,1
179.61.221.46,100,US,1
45.142.154.98,100,HK,1
40.83.182.122,100,US,1
27.150.188.148,100,CN,1
137.74.74.213,100,FR,1
77.88.55.88,0,RU,0
3.226.21.86,0,US,0
52.215.144.193,0,IE,0
196.251.92.85,100,NL,1
162.159.137.234,0,UNK,0
23.196.14.91,0,IN,0
178.248.238.120,0,RU,0
103.217.145.104,100,ID,1
76.223.84.192,0,US,0
180.252.225.101,100,ID,1
81.30.107.6,100,LT,1
185.184.8.90,0,NL,0
196.251.88.103,100,NL,1
45.221.64.242,100,US,1
151.101.192.239,0,US,0
206.168.34.138,100,US,1
104.17.112.233,0,UNK,0
127.0.0.1,0,UNK,0
112.162.183.24,100,KR,1
124.251.34.141,0,CN,0
157.150.185.92,0,US,0
104.36.194.7,0,US,0
49.119.112.140,100,CN,1
91.231.89.108,100,FR,1
152.32.251.41,100,HK,1
185.207.104.71,100,DE,1
196.251.88.171,100,NL,1
34.54.74.243,0,US,0
87.248.226.146,100,RU,1
44.193.100.215,0,US,0
151.101.194.114,0,US,0
74.214.194.128,0,NL,0
18.155.99.98,0,US,0
76.76.21.21,0,US,0
34.98.64.218,0,US,0
165.22.184.78,100,US,1
172.64.146.48,0,UNK,0
172.66.156.23,0,UNK,0
103.102.166.224,0,US,0
142.250.207.161,0,US,0
18.155.99.16,0,US,0
18.155.99.88,0,US,0
50.16.197.56,0,US,0
27.79.7.49,100,VN,1
155.4.244.107,100,SE,1
141.98.10.52,100,LT,1
43.133.28.110,100,JP,1
99.83.219.164,0,US,0
139.59.37.187,100,IN,1
178.248.236.77,0,RU,0
154.72.233.36,100,TN,1
59.29.160.181,100,KR,1
211.90.241.77,100,CN,1
49.36.64.168,100,IN,1
160.248.196.36,100,JP,1
118.194.231.208,100,JP,1
36.133.220.97,100,CN,1
23.58.8.194,0,IN,0
2001:470:1:332::2,100,US,1
139.59.24.220,100,IN,1
35.71.153.23,0,US,0
14.241.254.5,100,VN,1
14.103.118.140,100,CN,1
151.101.2.132,0,US,0
103.187.147.214,100,SG,1
46.101.58.67,100,GB,1
158.247.7.199,0,US,0
104.89.113.147,0,IN,0
103.59.94.62,100,ID,1
113.96.208.81,0,CN,0
18.239.236.81,0,US,0
104.18.43.48,0,UNK,0
43.225.11.210,100,HK,1
101.47.72.105,100,HK,1
165.154.168.234,100,VN,1
162.159.130.82,0,UNK,0
193.110.157.47,100,NL,1
23.200.143.84,0,HK,0
178.38.235.47,100,CH,1
151.101.67.52,0,US,0
18.155.99.71,0,US,0
63.97.118.67,0,US,0
198.98.50.82,100,US,1
151.101.65.184,0,US,0
14.225.3.79,100,VN,1
216.10.251.151,100,IN,1
2001:41d0:33a:a00::40e,100,FR,1
31.177.76.4,0,RU,0
193.46.255.103,100,RO,1
18.155.99.46,0,US,0
195.209.108.82,0,RU,0
46.246.3.232,100,SE,1
151.101.193.91,0,US,0
210.91.140.69,100,KR,1
41.220.3.101,100,UG,1
50.6.160.38,100,US,1
193.46.255.7,100,RO,1
81.88.49.10,100,IT,1
54.84.102.81,100,US,1
79.116.193.159,100,ES,1
210.140.139.152,0,JP,0
185.65.148.89,0,RU,0
172.104.216.240,100,US,1
98.82.63.147,100,US,1
14.103.115.182,100,CN,1
45.221.64.243,100,US,1
152.32.209.166,100,HK,1
196.251.72.87,100,NL,1
213.4.81.203,0,ES,0
137.75.88.52,0,US,0
5.182.209.204,100,NL,1
172.64.147.227,0,UNK,0
167.86.127.135,100,DE,1
103.20.122.54,100,SG,1
196.251.84.213,100,NL,1
154.26.131.149,100,SG,1
76.223.88.230,0,US,0
67.213.121.203,100,DE,1
96.99.227.0,0,US,0
162.243.83.140,100,US,1
23.41.19.130,0,SG,0
74.176.54.108,100,JP,1
108.156.46.107,0,US,0
222.255.214.45,100,VN,1
91.84.104.205,100,NL,1
24.109.11.180,100,CA,1
173.223.235.98,0,IN,0
216.198.53.2,0,US,0
46.231.3.140,100,ES,1
39.102.218.99,0,CN,0
106.63.103.5,0,CN,0
207.231.204.56,0,US,0
172.94.95.219,100,NL,1
95.239.107.92,100,IT,1
135.148.137.109,100,US,1
78.128.112.74,100,BG,1
104.26.4.218,0,UNK,0
20.83.185.81,100,US,1
54.227.187.23,0,US,0
41.94.88.219,100,MZ,1
23.11.215.155,0,IN,0
64.226.115.244,100,DE,1
5.188.206.46,100,BG,1
151.101.65.188,0,US,0
104.26.0.36,0,UNK,0
196.251.81.194,100,NL,1
174.134.45.64,100,US,1
76.223.115.82,0,US,0
172.64.145.19,0,UNK,0
172.235.181.217,100,NL,1
112.27.129.78,100,CN,1
151.101.65.91,0,US,0
144.160.36.42,0,US,0
36.50.176.39,100,VN,1
128.253.173.241,0,US,0
151.101.66.132,0,US,0
151.101.129.111,0,US,0
3.169.71.40,0,US,0
66.63.187.203,100,GB,1
150.70.232.194,0,DE,0
79.124.49.90,100,BG,1
99.83.249.53,0,US,0
198.143.164.252,0,US,0
140.106.25.217,100,CA,1
213.13.146.142,0,PT,0
13.250.226.27,0,SG,0
176.114.120.24,0,RU,0
142.251.42.65,0,US,0
71.6.134.235,100,US,1
54.186.196.182,0,US,0
52.223.21.92,0,US,0
44.210.31.21,0,US,0
185.220.101.132,100,DE,1
18.223.104.85,100,US,1
198.246.102.49,0,US,0
217.144.161.140,100,RU,1
103.157.25.60,100,ID,1
65.109.97.92,100,FI,1
142.251.222.67,0,US,0
222.108.30.135,100,KR,1
175.110.65.134,100,FI,1
141.193.213.10,0,US,0
198.54.126.241,100,US,1
212.27.48.10,0,FR,0
141.193.213.20,0,US,0
88.99.219.140,0,DE,0
93.186.225.194,0,RU,0
18.155.99.41,0,US,0
192.0.0.171,0,UNK,0
206.168.34.139,100,US,1
38.207.137.50,100,JP,1
116.71.135.53,100,PK,1
89.107.10.66,100,DE,1
60.2.243.174,100,CN,1
184.71.121.54,100,CA,1
196.251.66.114,100,NL,1
31.200.244.71,100,ES,1
18.155.99.27,0,US,0
104.18.2.182,0,UNK,0
207.46.13.127,100,US,1
81.88.86.11,0,RU,0
23.202.132.88,0,SG,0
35.212.28.75,0,US,0
196.251.87.12,100,NL,1
94.204.236.202,100,AE,1
104.195.12.43,100,US,1
199.27.116.69,0,US,0
104.41.205.21,100,IE,1
175.100.107.238,100,KH,1
198.23.174.113,100,US,1
23.227.38.32,0,CA,0
91.191.209.74,100,BG,1
81.19.82.0,0,RU,0
18.155.99.27,0,US,0
52.94.225.248,0,US,0
216.58.203.46,0,US,0
8.211.44.141,100,DE,1
147.139.164.196,100,ID,1
151.101.128.134,0,US,0
78.94.76.242,100,DE,1
206.168.34.94,100,US,1
154.118.162.194,100,ML,1
45.78.196.241,100,SG,1
142.251.220.46,0,US,0
54.198.33.233,100,US,1
193.242.192.41,0,FR,0
18.239.236.27,0,US,0
84.252.149.206,0,RU,0
172.64.150.56,0,UNK,0
213.184.155.142,0,RU,0
151.101.66.58,0,US,0
104.18.223.226,0,UNK,0
185.174.235.118,0,GB,0
151.101.208.95,0,IN,0
93.89.232.2,100,TR,1
125.229.207.105,100,TW,1
159.148.172.205,0,LV,0
91.148.190.150,100,BG,1
13.59.223.207,0,US,0
51.255.71.164,100,FR,1
34.204.55.14,0,US,0
91.116.72.194,100,ES,1
199.45.154.179,100,HK,1
198.54.117.206,0,US,0
103.189.234.85,100,SG,1
104.248.231.123,0,US,0
146.158.88.233,100,RU,1
151.101.2.132,0,US,0
182.78.107.6,100,IN,1
18.155.99.87,0,US,0
36.67.28.239,100,ID,1
177.67.84.113,100,BR,1
20.207.73.82,0,IN,0
209.42.17.23,100,GB,1
46.8.112.22,100,JP,1
13.224.132.4,0,US,0
181.114.122.224,100,BO,1
159.127.40.136,0,US,0
3.109.146.60,0,IN,0
104.114.97.67,0,US,0
185.226.197.57,100,NL,1
91.196.152.71,100,FR,1
104.69.152.71,0,SG,0
111.26.62.37,100,CN,1
103.102.230.4,100,CA,1
222.133.42.158,100,CN,1
172.67.215.239,0,UNK,0
104.121.228.191,0,IN,0
210.71.231.7,100,TW,1
76.223.69.48,0,US,0
162.159.141.102,0,UNK,0
213.180.204.242,0,RU,0
104.26.5.132,0,UNK,0
35.196.255.66,0,US,0
170.170.227.88,0,US,0
206.168.34.44,100,US,1
118.163.132.212,100,TW,1
17.253.142.4,0,US,0
220.77.182.171,100,KR,1
13.107.253.59,0,US,0
151.101.130.114,0,US,0
200.201.165.27,0,BR,0
176.32.195.85,100,AM,1
41.185.8.230,100,ZA,1
18.155.99.87,0,US,0
185.73.193.68,0,RU,0
192.0.66.108,0,US,0
23.202.229.139,0,IN,0
195.2.220.8,100,AT,1
41.155.88.155,100,GH,1
206.189.18.26,100,GB,1
162.159.152.4,0,UNK,0
20.231.239.246,0,US,0
93.123.109.181,100,NL,1
176.65.148.62,100,DE,1
64.226.104.126,100,DE,1
91.224.92.79,100,LT,1
121.54.164.138,100,MM,1
129.227.254.0,0,IN,0
63.35.20.122,0,IE,0
104.16.117.116,0,UNK,0
140.98.193.152,0,US,0
104.18.13.173,0,UNK,0
77.88.44.242,0,RU,0
160.20.186.237,100,BR,1
18.155.99.67,0,US,0
39.156.70.37,0,CN,0
74.82.47.11,100,US,1
3.233.158.26,0,US,0
67.222.38.82,100,US,1
204.79.197.197,0,US,0
211.45.27.231,0,KR,0
103.27.74.204,100,MY,1
218.255.65.124,100,HK,1
23.200.143.81,0,HK,0
192.0.66.32,0,US,0
173.223.235.67,0,IN,0
183.84.7.241,0,CN,0
160.187.147.127,100,VN,1
217.70.184.55,0,FR,0
163.47.37.129,100,BD,1
223.178.213.1,100,IN,1
87.201.127.149,100,AE,1
45.79.109.193,100,US,1
198.46.207.98,100,US,1
124.71.1.20,100,CN,1
104.18.42.54,0,UNK,0
77.83.240.45,100,NL,1
111.230.35.97,100,CN,1
14.103.118.177,100,CN,1
162.159.138.60,0,UNK,0
52.38.238.122,0,US,0
199.232.196.193,0,US,0
205.201.132.96,0,US,0
2.57.122.26,100,RO,1
103.171.85.124,100,ID,1
34.211.108.46,0,US,0
212.32.238.6,100,NL,1
18.155.99.70,0,US,0
104.19.239.156,0,UNK,0
91.230.168.7,100,US,1
76.177.170.161,100,US,1
162.159.135.42,0,UNK,0
79.124.62.134,100,BG,1
142.251.42.35,0,US,0
23.205.249.201,0,US,0
193.23.216.68,100,DE,1
18.204.153.146,0,US,0
89.253.255.122,100,RU,1
109.123.250.227,100,DE,1
118.44.174.120,100,KR,1
20.168.123.228,100,US,1
14.103.117.116,100,CN,1
45.232.73.84,100,BR,1
104.18.144.9,0,UNK,0
216.146.46.10,0,US,0
149.50.107.8,100,PL,1
185.191.171.10,100,US,1
151.101.66.49,0,US,0
119.96.173.169,100,CN,1
18.155.99.3,0,US,0
65.49.1.168,100,US,1
206.168.34.164,100,US,1
45.156.129.57,100,US,1
54.192.137.6,0,US,0
85.69.178.104,100,FR,1
111.119.216.40,100,SG,1
3.127.0.23,0,DE,0
14.43.153.110,100,KR,1
184.162.116.105,100,CA,1
104.17.148.83,0,UNK,0
104.245.210.170,0,US,0
8.209.91.228,100,DE,1
135.220.170.43,100,DE,1
151.236.80.22,0,RU,0
77.88.44.55,0,RU,0
111.70.23.250,100,TW,1
93.174.93.12,100,NL,1
23.176.184.152,100,NL,1
142.250.192.41,0,US,0
147.67.210.45,0,BE,0
104.26.15.122,0,UNK,0
118.219.234.233,100,KR,1
172.66.134.99,0,UNK,0
13.248.196.236,0,US,0
108.167.189.78,100,US,1
41.216.178.119,100,ID,1
34.233.114.237,100,US,1
187.115.88.131,100,BR,1
47.75.155.102,0,HK,0
101.89.174.236,100,CN,1
62.122.195.14,100,RU,1
185.73.195.116,0,RU,0
57.144.171.32,0,IN,0
198.199.80.246,100,US,1
104.114.105.145,0,US,0
151.101.193.6,0,US,0
218.76.106.8,100,CN,1
52.119.167.231,0,US,0
111.160.133.62,100,CN,1
121.37.49.12,0,CN,0
151.101.128.144,0,US,0
138.1.33.162,0,US,0
91.236.51.50,0,RU,0
140.246.124.160,100,CN,1
81.30.107.5,100,LT,1
40.83.38.249,100,US,1
104.18.40.96,0,UNK,0
172.67.71.26,0,UNK,0
104.18.67.220,0,UNK,0
135.220.168.249,100,DE,1
88.203.84.3,100,MT,1
183.6.115.88,100,CN,1
154.221.25.33,100,HK,1
207.180.210.222,100,DE,1
146.112.62.105,0,US,0
18.155.99.84,0,US,0
150.171.27.10,0,US,0
174.138.110.4,0,US,0
154.210.129.215,100,IN,1
57.144.170.1,0,IN,0
34.149.46.130,0,US,0
84.17.38.250,0,SG,0
37.187.205.99,0,FR,0
18.155.99.88,0,US,0
8.138.210.199,100,CN,1
18.155.99.67,0,US,0
67.249.21.121,100,US,1
64.90.38.74,100,US,1
18.155.98.131,0,US,0
104.26.12.205,0,UNK,0
151.101.194.137,0,US,0
143.42.1.84,100,US,1
66.175.44.24,100,US,1
195.178.110.224,100,NL,1
13.126.138.201,0,IN,0
216.239.32.27,0,US,0
151.101.66.114,0,US,0
23.50.124.22,0,US,0
1.193.163.2,100,CN,1
52.148.86.165,100,SG,1
23.202.229.139,0,IN,0
104.20.5.134,0,UNK,0
24.74.155.202,100,US,1
117.172.106.105,100,CN,1
114.217.10.60,100,CN,1
104.18.34.156,0,UNK,0
134.67.21.34,0,US,0
13.227.249.5,0,US,0
185.62.202.2,0,RU,0
45.119.213.112,100,VN,1
218.188.194.70,100,HK,1
45.142.193.161,100,NL,1
54.239.26.87,0,US,0
104.254.148.251,0,US,0
2a01:7c8:aac0:5a::1,100,NL,1
20.168.122.62,100,US,1
2a00:1169:11c:99e0::,100,FR,1
199.40.254.32,0,MY,0
143.42.1.191,100,US,1
103.200.25.196,100,VN,1
101.91.114.194,100,CN,1
34.88.105.25,100,FI,1
45.142.193.123,100,NL,1
65.49.1.172,100,US,1
178.62.17.84,100,GB,1
185.91.127.107,100,DE,1
50.19.149.4,0,US,0
123.57.253.206,0,CN,0
216.246.19.77,100,JP,1
35.225.183.27,100,US,1
104.168.58.11,100,US,1
47.246.137.105,0,US,0
170.114.0.11,0,US,0
103.181.143.99,100,ID,1
13.107.6.156,0,US,0
34.128.128.0,0,US,0
204.76.203.28,100,NL,1
192.159.190.35,0,US,0
75.2.70.75,0,US,0
199.45.154.190,100,HK,1
162.159.140.229,0,UNK,0
195.47.247.9,0,UNK,0
104.199.151.189,100,TW,1
52.94.225.241,0,US,0
173.212.249.160,100,DE,1
34.149.196.126,0,US,0
52.223.0.196,0,US,0
14.103.117.86,100,CN,1
50.6.2.174,100,US,1
162.159.136.234,0,UNK,0
106.11.248.146,0,CN,0
213.152.187.230,100,NL,1
193.46.255.244,100,RO,1
95.213.37.126,0,RU,0
45.173.92.202,100,BR,1
134.199.225.42,100,US,1
104.18.156.119,0,UNK,0
106.15.148.44,0,CN,0
185.125.190.29,0,GB,0
213.209.143.44,100,NL,1
34.45.31.108,100,US,1
91.224.92.127,100,LT,1
103.100.211.77,100,HK,1
70.166.207.76,100,US,1
103.218.122.203,100,VN,1
8.221.137.196,100,JP,1
45.142.193.159,100,NL,1
49.124.152.247,100,MY,1
14.103.168.81,100,CN,1
34.147.120.111,0,NL,0
118.193.57.59,100,TH,1
20.105.75.30,0,IE,0
199.45.154.184,100,HK,1
91.134.7.130,100,FR,1
111.171.127.190,100,KR,1
193.24.211.3,100,BG,1
185.134.202.22,0,RU,0
18.155.99.5,0,US,0
156.40.212.210,0,US,0
167.71.204.253,100,SG,1
151.101.156.116,0,IN,0
172.64.155.209,0,UNK,0
112.25.140.211,100,CN,1
20.101.246.164,0,NL,0
207.248.127.243,100,AR,1
147.45.196.104,100,DE,1
185.180.141.50,100,US,1
27.128.174.164,100,CN,1
151.101.194.219,0,US,0
103.187.146.107,100,SG,1
143.110.180.0,100,IN,1
104.18.6.161,0,UNK,0
103.105.201.152,100,CN,1
18.155.99.123,0,US,0
34.81.185.243,100,TW,1
199.45.155.72,100,HK,1
151.101.130.152,0,US,0
18.155.99.34,0,US,0
65.2.103.70,0,IN,0
125.253.121.223,100,VN,1
128.185.233.6,100,IN,1
18.244.214.9,0,US,0
94.102.49.193,100,NL,1
104.16.102.112,0,UNK,0
165.22.72.144,100,DE,1
142.251.220.67,0,US,0
77.75.79.222,0,CZ,0
5.160.146.1,100,IR,1
27.254.192.185,100,TH,1
87.120.191.13,100,NL,1
197.5.145.150,100,TN,1
104.192.140.22,0,US,0
96.99.240.130,0,US,0
18.155.99.35,0,US,0
44.199.52.48,0,US,0
185.177.72.9,100,FR,1
77.222.41.152,0,RU,0
217.70.185.65,0,FR,0
14.103.114.172,100,CN,1
107.189.46.127,100,US,1
59.82.121.163,0,CN,0
67.199.248.11,0,US,0
89.43.78.183,100,TR,1
13.64.115.186,0,US,0
142.251.222.110,0,US,0
104.16.229.229,0,UNK,0
164.52.24.182,100,JP,1
199.233.57.18,0,US,0
50.84.211.204,100,US,1
104.18.21.226,0,UNK,0
142.251.221.232,0,US,0
57.144.170.1,0,IN,0
52.210.95.36,0,IE,0
65.49.1.45,100,US,1
18.155.99.86,0,US,0
121.41.179.144,100,CN,1
5.188.206.54,100,BG,1
172.66.131.207,0,UNK,0
200.195.162.68,100,BR,1
67.55.189.211,100,US,1
172.66.0.37,0,UNK,0
185.191.171.1,100,US,1
192.0.66.2,0,US,0
104.114.86.3,0,IN,0
45.156.129.135,100,US,1
116.141.105.6,100,CN,1
125.19.226.186,100,IN,1
35.186.224.24,0,US,0
72.140.233.41,0,CA,0
8.130.84.198,100,CN,1
18.155.192.59,0,US,0
40.85.112.191,0,IE,0
46.24.185.89,100,ES,1
104.20.9.2,0,UNK,0
104.234.115.169,100,US,1
5.154.240.65,0,US,0
18.155.99.87,0,US,0
142.250.192.142,0,US,0
149.154.167.99,0,GB,0
18.155.99.80,0,US,0
199.134.75.32,0,US,0
193.17.93.93,0,RU,0
15.197.181.170,0,US,0
103.207.2.80,100,IN,1
151.101.2.133,0,US,0
77.87.40.114,100,UA,1
103.241.43.72,100,VN,1
216.239.32.29,0,US,0
125.22.116.94,100,IN,1
104.16.43.196,0,UNK,0
195.154.194.72,100,FR,1
178.253.43.167,100,RU,1
91.224.92.32,100,LT,1
23.223.7.158,0,IN,0
75.2.60.5,0,US,0
91.108.227.66,100,DE,1
124.251.100.193,0,CN,0
52.84.90.28,0,US,0
18.155.99.82,0,US,0
185.177.72.35,100,FR,1
34.252.74.1,0,IE,0
34.96.66.233,0,US,0
199.195.248.191,100,US,1
103.6.182.20,0,HK,0
104.18.13.149,0,UNK,0
179.43.176.236,100,CH,1
91.224.92.52,100,LT,1
95.215.0.144,100,RU,1
104.26.14.85,0,UNK,0
18.217.194.148,100,US,1
75.2.44.127,0,US,0
142.251.222.100,0,US,0
172.64.151.229,0,UNK,0
162.241.2.230,100,US,1
13.107.136.10,0,US,0
23.54.118.46,0,SG,0
216.239.32.29,0,US,0
144.48.241.166,100,HK,1
45.135.232.92,100,RU,1
91.228.166.47,0,SK,0
116.203.147.87,100,DE,1
140.180.223.22,0,US,0
159.253.39.62,100,TR,1
199.232.214.133,0,US,0
87.98.168.164,0,FR,0
87.121.84.85,100,NL,1
161.129.64.84,100,US,1
18.245.218.46,0,US,0
162.251.109.82,100,US,1
101.226.4.13,0,CN,0
151.101.66.152,0,US,0
194.105.131.44,0,RU,0
159.223.45.46,100,SG,1
165.101.227.34,100,BD,1
31.43.218.68,100,RU,1
172.67.70.99,0,UNK,0
104.114.90.111,0,IN,0
92.118.56.197,100,US,1
172.66.168.234,0,UNK,0
37.204.103.57,100,RU,1
41.223.40.77,100,AO,1
199.232.209.91,0,US,0
63.176.75.230,0,DE,0
176.65.148.203,100,DE,1
23.3.70.64,0,IN,0
35.190.37.46,0,US,0
118.194.251.58,100,TH,1
139.59.71.236,100,IN,1
63.34.230.240,0,IE,0
68.69.186.226,100,US,1
185.151.243.182,0,RU,0
152.32.215.227,100,HK,1
217.114.94.2,0,SE,0
123.160.221.147,100,CN,1
203.22.241.8,0,GB,0
151.101.66.132,0,US,0
47.251.91.236,100,US,1
45.142.193.169,100,NL,1
80.82.70.133,100,NL,1
172.66.0.144,0,UNK,0
185.220.101.22,100,DE,1
103.191.92.118,100,ID,1
208.91.169.4,0,US,0
36.138.252.97,100,CN,1
172.190.142.176,100,US,1
181.228.68.232,100,AR,1
151.101.66.98,0,US,0
104.234.115.73,100,US,1
2604:a880:400:d0::2424:7001,100,US,1
192.150.16.118,0,IN,0
43.156.34.240,100,SG,1
37.157.2.233,0,DK,0
218.23.95.9,100,CN,1
65.49.1.205,100,US,1
142.251.42.78,0,US,0
44.240.144.12,0,US,0
35.71.185.87,0,US,0
44.197.255.39,0,US,0
23.11.215.145,0,IN,0
151.101.130.133,0,US,0
64.58.116.132,0,US,0
178.248.237.216,0,RU,0
209.23.71.124,100,US,1
18.155.99.83,0,US,0
217.66.150.233,100,RU,1
147.136.141.130,0,SG,0
180.76.125.198,100,CN,1
165.84.219.106,100,GB,1
185.167.56.34,100,MD,1
153.123.7.89,100,JP,1
118.193.69.67,100,KR,1
54.247.17.69,0,IE,0
154.91.179.26,100,HK,1
13.248.140.194,0,US,0
18.155.99.10,0,US,0
151.101.193.55,0,US,0
36.51.254.91,0,CN,0
141.193.213.21,0,US,0
104.18.114.47,0,UNK,0
213.189.223.5,0,RU,0
18.155.99.24,0,US,0
40.77.167.224,100,US,1
34.111.176.156,0,US,0
104.114.95.248,0,IN,0
104.121.229.242,0,IN,0
18.155.99.88,0,US,0
35.186.248.227,0,US,0
140.205.77.240,0,CN,0
51.255.169.33,0,FR,0
35.190.14.201,0,US,0
206.172.46.162,100,CA,1
104.18.41.212,0,UNK,0
171.67.215.200,0,US,0
104.97.76.240,0,IN,0
35.161.219.84,0,US,0
178.176.250.39,100,RU,1
23.94.230.150,100,US,1
35.212.43.67,0,US,0
80.67.43.33,0,RU,0
185.226.197.59,100,NL,1
13.227.180.4,0,US,0
199.232.208.194,0,US,0
115.187.44.239,100,IN,1
52.169.148.186,100,IE,1
203.193.137.250,100,IN,1
13.89.188.82,0,US,0
172.66.151.154,0,UNK,0
69.171.29.32,0,US,0
202.108.250.218,0,CN,0
104.21.69.100,0,UNK,0
162.159.130.67,0,UNK,0
128.65.210.8,0,DE,0
199.15.163.133,0,US,0
52.202.58.114,0,US,0
151.101.1.140,0,US,0
104.18.32.7,0,UNK,0
142.251.222.78,0,US,0
115.238.23.241,0,CN,0
129.176.1.88,0,US,0
52.212.150.161,0,IE,0
65.49.1.43,100,US,1
95.214.53.196,100,PL,1
57.144.170.1,0,IN,0
103.167.27.74,0,SG,0
178.128.255.38,100,NL,1
107.180.115.232,100,US,1
146.190.157.165,100,US,1
151.101.3.5,0,US,0
142.251.222.99,0,US,0
162.159.138.86,0,UNK,0
18.155.99.45,0,US,0
187.107.88.97,100,BR,1
23.11.215.154,0,IN,0
192.185.176.188,100,US,1
208.80.120.82,0,US,0
5.134.213.80,0,PL,0
195.184.76.159,100,US,1
172.66.163.196,0,UNK,0
44.196.95.37,0,US,0
185.148.218.235,100,RU,1
211.249.220.24,0,KR,0
194.233.87.153,100,SG,1
142.250.192.100,0,US,0
58.49.113.138,100,CN,1
23.11.215.217,0,IN,0
190.121.192.210,100,GT,1
148.66.135.187,100,SG,1
104.16.23.8,0,UNK,0
142.250.192.131,0,US,0
52.94.225.242,0,US,0
47.93.235.72,100,CN,1
34.235.198.240,0,US,0
74.6.143.26,0,US,0
45.135.232.177,100,RU,1
185.242.226.62,100,NL,1
123.209.70.57,100,AU,1
31.184.172.228,100,IR,1
103.250.10.42,100,SG,1
128.185.253.86,100,IN,1
34.234.21.200,0,US,0
151.101.66.28,0,US,0
18.155.99.64,0,US,0
20.76.201.171,0,NL,0
176.94.185.62,100,DE,1
111.65.250.2,0,VN,0
31.58.50.228,100,US,1
151.101.130.153,0,US,0
152.32.226.8,100,HK,1
140.205.41.63,0,CN,0
107.175.70.80,100,US,1
152.32.206.160,100,US,1
217.250.184.230,100,DE,1
125.20.253.166,100,IN,1
140.99.233.2,0,DE,0
104.17.88.51,0,UNK,0
220.88.178.58,100,KR,1
187.9.247.58,100,BR,1
18.155.99.119,0,US,0
172.217.174.228,0,US,0
74.82.47.4,100,US,1
220.80.223.144,100,KR,1
194.180.49.220,100,PL,1
35.216.167.40,100,CH,1
192.0.78.9,0,US,0
57.151.82.21,100,US,1
142.251.43.3,0,US,0
103.52.114.138,100,ID,1
162.159.141.224,0,UNK,0
23.11.215.146,0,IN,0
81.177.125.9,100,RU,1
121.52.147.5,100,PK,1
65.49.1.15,100,US,1
23.11.215.153,0,IN,0
192.159.99.100,100,US,1
64.226.87.225,100,DE,1
13.224.222.29,0,US,0
77.74.178.24,0,RU,0
216.239.32.29,0,US,0
35.201.95.83,0,US,0
185.220.101.102,100,DE,1
54.246.79.9,0,IE,0
74.112.186.157,0,US,0
60.4.9.52,100,CN,1
54.82.37.117,0,US,0
218.161.52.146,100,TW,1
18.155.99.67,0,US,0
190.156.140.8,100,CO,1
192.0.66.20,0,US,0
151.101.129.140,0,US,0
98.70.229.148,100,IN,1
124.150.139.62,100,AU,1
134.122.35.79,100,CA,1
91.215.35.9,100,PL,1
112.11.241.139,100,CN,1
165.154.18.108,100,JP,1
159.60.134.0,0,US,0
34.92.62.225,100,HK,1
20.102.116.25,100,US,1
151.101.2.133,0,US,0
185.177.72.55,100,FR,1
3.163.24.88,0,US,0
210.204.167.12,100,KR,1
15.197.170.90,0,US,0
151.101.128.84,0,US,0
54.89.76.195,0,US,0
203.107.60.192,0,CN,0
18.119.72.91,0,US,0
103.130.218.117,100,VN,1
185.207.236.10,0,MD,0
123.208.144.23,100,AU,1
15.197.170.90,0,US,0
185.50.25.26,100,RU,1
193.32.162.146,100,RO,1
170.238.160.191,100,BR,1
152.32.129.236,100,HK,1
18.155.99.83,0,US,0
54.235.125.129,100,US,1
177.75.6.242,100,BR,1
103.97.135.246,100,VN,1
172.64.148.104,0,UNK,0
172.66.40.121,0,UNK,0
104.18.29.17,0,UNK,0
141.193.213.20,0,US,0
67.20.76.56,100,US,1
213.71.30.154,0,DE,0
89.221.239.1,0,RU,0
20.70.246.20,0,AU,0
23.208.8.92,0,US,0
216.165.153.4,0,US,0
18.155.99.56,0,US,0
23.227.38.33,0,CA,0
117.80.118.93,100,CN,1
49.124.150.251,100,MY,1
196.251.86.23,100,NL,1
123.160.221.158,100,CN,1
52.39.90.56,0,US,0
104.18.87.42,0,UNK,0
18.244.214.99,0,US,0
172.64.151.134,0,UNK,0
199.204.99.186,100,US,1
104.16.44.99,0,UNK,0
74.176.51.181,100,JP,1
103.174.215.18,100,BD,1
18.155.99.87,0,US,0
113.193.187.154,100,IN,1
180.94.74.82,100,AF,1
51.210.103.210,100,FR,1
5.139.79.163,100,RU,1
94.180.130.38,100,RU,1
14.103.127.7,100,CN,1
23.57.42.103,0,IN,0
51.79.73.197,100,CA,1
170.64.167.72,100,AU,1
122.187.230.215,100,IN,1
47.86.35.70,100,HK,1
110.75.130.45,0,CN,0
140.205.77.240,0,CN,0
142.250.192.33,0,US,0
34.255.37.172,0,IE,0
159.65.133.180,100,SG,1
138.1.33.162,0,US,0
51.79.152.76,0,SG,0
34.102.173.240,0,US,0
64.62.156.137,100,US,1
199.232.197.91,0,US,0
200.105.141.172,100,BO,1
64.62.156.105,100,US,1
58.19.246.172,100,CN,1
88.208.31.1,0,NL,0
36.20.127.207,100,CN,1
45.166.22.18,100,BR,1
192.0.66.220,0,US,0
82.165.229.138,0,DE,0
184.154.12.237,100,US,1
162.125.248.18,0,US,0
112.223.179.45,100,KR,1
141.193.213.20,0,US,0
34.82.123.213,100,US,1
101.89.186.252,100,CN,1
103.163.215.10,100,VN,1
185.191.171.14,100,US,1
127.0.0.1,0,UNK,0
27.155.77.43,100,CN,1
216.58.203.36,0,US,0
146.70.52.219,100,SE,1
48.214.144.31,100,US,1
217.69.139.70,0,RU,0
182.93.50.90,100,MO,1
172.235.173.150,100,NL,1
18.239.111.76,0,US,0
104.18.161.220,0,UNK,0
206.168.34.120,100,US,1
152.32.203.205,100,JP,1
208.95.112.1,0,US,0
104.20.32.201,0,UNK,0
101.47.5.97,100,SG,1
142.250.192.35,0,US,0
82.112.236.249,100,IN,1
151.101.66.167,0,US,0
213.59.253.7,0,RU,0
80.94.95.229,100,RO,1
199.116.164.229,0,US,0
188.164.195.174,100,ES,1
104.18.21.135,0,UNK,0
2a05:1500:600:c:0:14ff:fe0c:34,100,NL,1
52.164.127.143,100,IE,1
104.18.43.76,0,UNK,0
23.46.187.154,0,IN,0
145.243.240.20,0,DE,0
192.0.80.242,0,US,0
87.240.190.64,0,RU,0
207.97.209.147,0,US,0
194.190.153.226,100,RU,1
151.101.130.217,0,US,0
108.158.251.111,0,US,0
